text,label,roberta,roberta_score,input_length,gpt2,gpt2_score,roberta_latency_ms,gpt2_latency_ms,deberta,deberta_score,deberta_latency_ms
@user @user what do these '1/2 naked pics' have to do with anything? They're not even like that.,neutral,negative,0.8047260642051697,96,positive,0.9134505987167358,3004.9679999938235,3267.5027909863275,negative,0.6670677065849304,289.6763749886304
OH: “I had a blue penis while I was this” [playing with Google Earth VR],neutral,neutral,0.8669487237930298,72,neutral,0.7534046173095703,44.32695798459463,39.96520800865255,neutral,0.7231486439704895,240.529874979984
"@user @user That's coming, but I think the victims are going to be Medicaid recipients.",neutral,neutral,0.7637239098548889,87,positive,0.9999619722366332,36.559708998538554,33.581416006200016,negative,0.6875914335250854,229.93074997793883
I think I may be finally in with the in crowd #mannequinchallenge  #grads2014 @user,positive,positive,0.7740470767021179,83,positive,0.8987836837768555,37.761583022074774,32.05899999011308,positive,0.8819040656089783,233.93116699298844
"@user Wow,first Hugo Chavez and now Fidel Castro. Danny Glover, Michael Moore, Oliver Stone, and Sean Penn are running out of heroes.",negative,neutral,0.4163974821567535,133,positive,0.9864314198493958,37.504541978705674,41.584791004424915,negative,0.7392348051071167,232.30570898158476
Savchenko now Saakashvili took drug test live on Ukraine TV. To prove they are not drug-fueled loonies?,neutral,neutral,0.4963688552379608,103,negative,0.9999295473098756,38.707333005731925,32.504750008229166,negative,0.5169714093208313,238.7133750016801
How many more days until opening day? 😩,neutral,neutral,0.4665711522102356,39,negative,0.999988317489624,39.409165998222306,23.829667014069855,neutral,0.9604577422142028,244.8962080234196
Twitter's #ThankYouObama Shows Heartfelt Gratitude To POTUS,positive,positive,0.947964072227478,59,positive,0.9995934367179872,41.63220798363909,30.950791988288984,positive,0.97543203830719,253.89958400046453
All CSG and Fracking all around Australia is to cease and Mining Entities held Accountable! - Sign the Petition!,neutral,negative,0.5159922242164612,112,positive,0.9999923706054688,38.61529097775929,31.512875022599474,negative,0.5816814303398132,232.00095901847817
@user @user @user @user @user @user take away illegals and dead people and Trump wins popular vote too.,negative,neutral,0.6462966799736023,103,positive,0.7922831177711487,38.80758400191553,30.85020897560753,negative,0.5369937419891357,241.51991700637151
An interesting security vulnerability - albeit not for the everyday car thief,neutral,neutral,0.5802545547485352,77,positive,0.999924898147583,41.53179199784063,24.96541599975899,neutral,0.6755176782608032,248.84691700572148
#GilmoreGirlsTop4 1. Spoke2. Paris3. Emily4. PattyInvisible number 5. Richard,neutral,neutral,0.7971653938293457,77,neutral,0.99989914894104,39.31200000806712,32.99691597931087,neutral,0.9006075263023376,237.4125829956029
#onedirection #harrystyles cute little dance 😉,positive,positive,0.9007453322410583,46,positive,0.996944010257721,41.0775410127826,23.35829200455919,positive,0.9175369143486024,251.46337499609217
"When Ryan privatizes SS, Medicare, Medicaid, & does away with ACA, what will Trump's base feel about ""change"" then? That's a big one right?!",negative,negative,0.5906877517700195,140,neutral,0.99999737739563,43.418083019787446,42.727041989564896,neutral,0.552535355091095,267.1963750035502
Swampbitch Nasty Pelosi  loves yelling 'Fire' in the crowded swamp. #blackfriday @user,negative,negative,0.8432438373565674,86,positive,0.7428634166717529,39.817415992729366,33.33066700724885,negative,0.9518502950668336,255.16245802282356
@user ohhh ok i see 🤔 what if u have medical marijuana clearance? Does that make a difference,neutral,neutral,0.9275136590003968,93,positive,0.999990701675415,35.270624997792765,30.501874978654087,neutral,0.9285656213760376,240.9802500042133
OPINION: The Anti-#Trump #Riots Are a #SmokeScreen:,neutral,negative,0.5895980596542358,51,neutral,0.9999568462371826,39.74645902053453,27.130542002851143,neutral,0.5051111578941345,234.71095800050537
ISIS and The CIA What You Need To Know! #ISIS #falseflag #saudi #CIA #mossad #israel,neutral,negative,0.826901912689209,84,neutral,0.9999884366989136,38.460582989500836,33.30099998856895,negative,0.5866772532463074,269.94025000021793
@user alt-right was adopted by Deplorables. Average middle Americans.  I've now moved to Libertarian. @user,neutral,neutral,0.5151349902153015,107,positive,0.9999330043792723,38.49099998478778,32.76816601282917,negative,0.5320606231689453,281.83825002633967
"@user #GilmoreGirlsTop4 Lorelai, Rory, Lane, Sookie @user @user",neutral,neutral,0.8869539499282837,63,positive,0.9999730587005616,34.565166977699846,29.9880409729667,neutral,0.923018515110016,262.63529201969504
"Christians In Palestine: Yes, They Exist #gaza #palestine #israel #BDS",neutral,neutral,0.7468939423561096,70,neutral,0.5386790037155151,36.38887501438148,27.900832996238023,neutral,0.8373422026634216,297.95287500019185
"@user Going to see #FantasticBeasts this afternoon. Mom is a Potter fanatic. My niece was, but she's kinda growing out of it.",positive,positive,0.7539661526679993,125,positive,0.9997261166572572,43.37866700370796,41.4654589840211,positive,0.5137090682983398,256.1861249851063
Listen to win passes to see #FantasticBeasts after 2pm w/ @user,neutral,positive,0.5687165856361389,63,positive,0.971679151058197,39.05895899515599,29.172415990615264,neutral,0.6469086408615112,247.98070802353325
The United Nations Headquarters in New York #unitednations #newyork #usa🇺🇸 #USA #newyorkcity…,neutral,neutral,0.7923486828804016,93,positive,0.9991305470466614,44.69616699498147,32.26066700881347,neutral,0.9177373051643372,257.1808329958003
Zac Efron Flaunts Fit Abs in New ‘Dirty Grandpa’... #ZacEfron,neutral,neutral,0.6070791482925415,61,neutral,0.99881112575531,37.4642499955371,30.08712499286048,neutral,0.7332872152328491,255.80625000293367
1am and I'm still watching #ThisIsUs,neutral,positive,0.5023007988929749,36,neutral,0.99857759475708,38.74745799112134,21.497707988601174,neutral,0.7834206819534302,321.5228340122849
The left has really gone Full retard haven't they?,negative,negative,0.869616687297821,50,negative,0.9997326731681824,39.22145799151622,21.167792001506314,negative,0.9472068548202516,292.96645798604004
"#Israel fire updates: Major blaze breaks out near #Jerusalem, firebombing suspected...",neutral,negative,0.7278672456741333,86,neutral,0.9999552965164183,39.70249998383224,29.602333990624174,negative,0.7374628782272339,256.6504580026958
"RT @user Can I politely suggest that we all stop using the term ""alt-right"" and use other, more precise words.",neutral,neutral,0.5126897096633911,110,positive,0.9999932050704956,35.56662498158403,31.153291987720877,negative,0.5510720014572144,274.44870898034424
Day 5 Advent Gift Countdown - 'Gold Standard'  #20moresleeps #christmasgifts #luxuryhampers…,neutral,neutral,0.690889298915863,92,positive,0.7836624383926392,37.42933299508877,32.8060410101898,neutral,0.83513343334198,264.1262910037767
When Jesse Jackson Cozied Up to Fidel Castro,neutral,neutral,0.9294458031654358,44,negative,0.9992027878761292,39.75225001340732,21.982249978464097,neutral,0.7666657567024231,266.76387499901466
Ben Carson awoke this morning to find out that the big yellow thing in the sky is the sun,neutral,neutral,0.8369396924972534,89,neutral,0.9939093589782716,41.46900001796894,28.538625017972663,neutral,0.7510932683944702,245.32399998861365
Bike parking still free.,neutral,neutral,0.5593971014022827,24,neutral,0.9999154806137084,44.4563330092933,19.528416014509276,positive,0.7370221018791199,315.6455419957638
Can't wait to try this - Google Earth VR - this stuff really is the future of exploration....,positive,positive,0.987600326538086,93,neutral,0.9542790651321412,35.20216699689627,28.61933398526162,positive,0.9939247965812684,255.4645000200253
@user @user Trump is likely supporting Putin talking on unsecured phone lines bc Trump's tied to Russia #DworkinReport,neutral,neutral,0.6587746739387512,118,positive,0.9999728202819824,38.537999993423,31.499667005846277,negative,0.4921952188014984,299.7087500116322
"The fact that mike pence thinks there's a ""cure"" for being gay is absolutely the most ridiculous statement I have ever heard in my life",negative,negative,0.9260377883911132,135,positive,0.9823854565620422,43.26595799648203,30.24458300205879,negative,0.9287660121917723,313.9971250202507
@user @user @user .....Good Old Graham Westley!!,positive,positive,0.7194947600364685,48,positive,0.999997854232788,52.47429202427156,26.170625002123415,positive,0.9311028122901917,246.3827919855248
Photos: A Thanksgiving protest against Dakota Access pipeline - The Boston Globe,neutral,neutral,0.8400619029998779,80,negative,0.9927507638931274,46.095166995655745,23.79062498221174,neutral,0.6400507688522339,362.5435410067439
@user @user @user @user Clinton foundation reminds me of Maharashtra CM Antuley's foundation in 80s for taking bribe.,negative,neutral,0.6628703474998474,117,positive,0.99999737739563,37.56929200608283,30.027041007997468,negative,0.5375912189483643,260.0679589959327
Survey shows Poroshenko has lost considerable electoral support in two years,neutral,negative,0.7186956405639648,76,negative,0.9999997615814208,50.365167000563815,23.599457985255867,negative,0.6652710437774658,278.91170798102394
When Trump jeopardizes their social security and Medicare payments imma laugh.,negative,negative,0.7910739779472351,78,negative,0.804509699344635,40.30641700956039,29.793624999001626,negative,0.8576942086219788,235.829792014556
At Any Price review – generations clash in the American midwest #ZacEfron,neutral,neutral,0.7795423269271851,73,neutral,0.999907612800598,44.48050001519732,28.39720898191445,neutral,0.9244245290756226,261.1005840008147
Next?#draintheswamp #TimeForChange#TrumpTransitionTeam,neutral,neutral,0.5630685091018677,54,negative,0.9966784715652466,46.70912498841062,31.152417010162026,neutral,0.7577468156814575,269.9427920160815
Wow - the world as we know it is slowly turning upside down: Microsoft joins the Linux Foundation. Good news I supp…,positive,positive,0.7764224410057068,116,negative,0.7825058698654175,45.35695799859241,30.42383401771076,positive,0.6530150771141052,314.886749983998
"So that Westworld show, it isn't too bad. I guess. If you like that sort of thing.",neutral,positive,0.8230052590370178,82,negative,0.9995998740196228,42.34137499588542,29.654874990228564,positive,0.4959567189216614,267.2443749906961
Grayson Allen just gave dude such a sick move,negative,positive,0.7325229644775391,45,positive,0.9984758496284484,47.00724998838268,21.17670900770463,neutral,0.6116718053817749,298.4004169993568
"Download UBER app, Register with this promo code NGSBA105 and get a free ride worth #2500. #Uber #UberNigeria",neutral,positive,0.7005258798599243,109,positive,0.8750783801078796,46.92779199103825,34.170958009781316,positive,0.6552479267120361,268.74320799834095
I love Manchester. Everyone knows that - I have said it many ti... #CristianoRonaldo #citations,positive,positive,0.9631969928741456,95,positive,0.9999979734420776,40.801583003485575,31.643624999560416,positive,0.9737452864646912,320.7211660046596
RT @user It’s not “alt-right.” It’s Neo-Nazi.https://t.co/4fPkSVlSDl,negative,negative,0.737839937210083,68,positive,0.9999219179153442,50.833540997700766,43.563958985032514,negative,0.9208458065986632,280.25941699161194
@user In august2008.puppet Saakashvili attacked South Ossetia and Russian peacekeepers.South Ossetia will  be i…,negative,negative,0.8171347975730896,112,positive,0.9999997615814208,52.30095799197443,31.354792008642107,negative,0.5475022792816162,272.286958002951
Tips for winter driving.#london #cab #taxi #uber #yellowlondontaxi,neutral,neutral,0.8237316608428955,66,neutral,0.5343728065490723,46.69762498815544,30.348375003086403,neutral,0.9284570217132568,241.63291600416417
"@user Yes, white supremacists are America's greatest problem ever.  OMG.  GET REAL.  #GOAWAY",negative,negative,0.9275962114334106,92,positive,0.9999932050704956,44.55320799024776,32.440667011542246,negative,0.948432445526123,283.08025002479553
#Hatchimals are shite,negative,negative,0.908823013305664,21,negative,0.9999980926513672,54.12295801215805,21.05050001409836,negative,0.9283818006515504,300.58370798360556
@user @user @user @user @user @user I'm getting tired of these people and their gun control,negative,negative,0.941993772983551,91,positive,0.9996248483657836,42.447042011190206,29.00533299543895,negative,0.9185290336608888,322.92033298290335
#Trump MEMORABILIA#BlackFriday - UP TO 40% OFFUse Code: BLACKFRISAVE#DrainTheSwamp #Deplorables…,neutral,neutral,0.4853618443012237,96,neutral,0.9999932050704956,51.449500024318695,35.866958991391584,negative,0.7416548728942871,283.551707980223
It's more difficult to move to Mexico as the Clintons built a bloody great fence all along the Border…,negative,negative,0.8852794766426086,102,positive,0.9999995231628418,40.99595799925737,28.974375018151477,negative,0.7961152195930481,246.51616599294357
"@user it's weird 'cause I usually like music in his vein, but it's every so shy of being memorable like a Bob Dylan/Lou Reed thing(?)",negative,neutral,0.6288521885871887,133,positive,0.9982032775878906,48.3562090084888,39.44749999209307,neutral,0.6571527719497681,267.7760839869734
#Putin has had it with #Obama and has decided to throw #America out of #Syria negotiationshttps://t.co/z4CBIDDU11,neutral,negative,0.5895330309867859,113,neutral,0.9999969005584716,44.19812498963438,40.75987500254996,negative,0.5103078484535217,266.13329199608415
"@user we all know on JANUARY 20th trump gonna push oil, fossil fuels, fracking down our throats. Fml... We must fight back. GOP sucks",negative,negative,0.9402272701263428,133,positive,0.9997487664222716,46.34549998445437,38.94354100339115,negative,0.9306899309158324,284.0045420161914
"With James Comey in office, how could the US investigate the Russians? @user @user @user  @user",negative,neutral,0.6425028443336487,95,positive,0.999950647354126,36.91920801065862,27.97904098406434,neutral,0.522215723991394,258.0453339905944
"If you're looking for work in #Palestine, TX, check out this #job: #Retail #Hiring #CareerArc",neutral,neutral,0.8689861297607422,93,neutral,0.996274471282959,40.84545900695957,29.112458985764533,neutral,0.9093777537345886,262.3570420255419
Didn't take long for the Clinton Foindation money train to derail. Zero Hedge,negative,negative,0.6751220226287842,77,neutral,0.999123513698578,42.25412500090897,27.53537497483194,negative,0.594574511051178,493.3749590127263
HOO BOY THAT WESTWORLD FINALE,positive,positive,0.7538723349571228,29,negative,0.9934899806976318,42.76454099453986,20.39224997861311,positive,0.8281749486923218,405.1813330152072
idk where to start after my intro. im writing from a pro-raising-minimum-wage pov but I'm stuck ☹️,neutral,negative,0.8479450941085815,98,neutral,0.94497549533844,42.18333298922517,29.85729198553599,neutral,0.5402054190635681,296.1748340167105
This isn't the 1st time @user & the #Hamas supporting #IntifadaBrigade mock disasters/terror attacks while p…,neutral,negative,0.7391725778579712,109,positive,0.9999949932098388,38.15958299674094,30.66462502465583,negative,0.7835202217102051,274.3707500048913
Tim Duncan and Gregg Popovich. Two legends.,positive,positive,0.845291793346405,43,neutral,0.9990975856781006,41.35399998631328,21.15912499721162,positive,0.9623535871505736,296.1385000089649
#Platz / #Place: 4   Vente Pa' Ca (feat. Maluma) - Ricky Martin     #top100 #musik #music #charts #Spain #Spanien,neutral,neutral,0.8543660640716553,113,positive,0.9820547103881836,41.83766600908712,40.97250002087094,neutral,0.9457800984382628,328.29766598297283
Come on Electoral College. Please do your job. Majority of Americans do not want @user This is NOT the f…,neutral,negative,0.8892827033996582,105,negative,0.9733205437660216,37.30591697967611,28.895124996779487,negative,0.8210365176200867,263.86270800139755
@user That looks like Trump's transition team.,neutral,neutral,0.6762527227401733,46,positive,0.9999605417251588,39.68641700339504,20.721749984659255,neutral,0.8344112038612366,278.06066602352075
shoutout to the moms of -Zac Efron-Ryan Gosling-Franco Brothers-Hemsworth brothers-Channing Tatumfor making these beautiful men,positive,positive,0.9350605010986328,127,positive,0.999987006187439,43.284582992782816,39.09937498974614,positive,0.9611230492591858,666.8468750140164
@user @user @user only wants adulation and sycophants. Like Kim Fatty the Third. Paranoia and bugs rooms.,negative,negative,0.8469410538673401,105,positive,0.9999903440475464,39.55024998867884,29.611665988340977,negative,0.8128640055656433,277.4903749814257
@user @user involuntary euthanasia is a better system,neutral,negative,0.5062392354011536,53,positive,0.999994158744812,39.43308297311887,21.77187497727573,neutral,0.5059584975242615,272.18083300977014
@user ain't that how y'all got Tim Duncan? 🤔,neutral,neutral,0.9222264885902404,44,positive,0.997335970401764,39.82579099829309,26.461916975677013,neutral,0.943596601486206,260.64424999640323
@user @user @user You're also young :P,positive,positive,0.6332813501358032,38,positive,0.9999823570251464,39.418250002199784,21.462540986249223,positive,0.5102845430374146,265.21112499176525
@user @user @user @user Let robots be #Robots!,neutral,neutral,0.7133171558380127,46,positive,0.9999854564666748,39.535999996587634,21.244917006697506,neutral,0.7777596116065979,247.2679580096155
@user @user @user @user Poorer states than Alabama have it because they accepted Medicaid expansion,neutral,neutral,0.7962915301322937,99,positive,0.9999998807907104,34.826707997126505,28.46737499930896,neutral,0.51941978931427,241.873332997784
2016 Prime Cuts JUSTIN VERLANDER Timeline Game Used 2 Color Button Patch 1/1,neutral,neutral,0.908934473991394,76,positive,0.8209943175315857,41.1885829817038,28.462499991292137,neutral,0.966222882270813,295.58850001194514
CNN weeps for their erstwhile hero Fidel Castro.,negative,negative,0.7994250059127808,48,neutral,0.9991027116775512,40.4601669870317,22.346749989083037,negative,0.6119253635406494,259.5157500181813
@user The Jew boy has spoken. @user @user @user @user @user,neutral,neutral,0.8831183910369873,59,positive,0.9999382495880128,40.67908300203271,26.79829200496897,neutral,0.8347358703613281,421.2139169976581
The latest Smart LifeStyle Food! Thanks to @user #weightloss #nationalfastfoodday,positive,positive,0.944607436656952,81,positive,0.9999982118606568,41.71737498836592,28.05608298513107,positive,0.9157962799072266,370.2367499936372
I find myself humming the notes of #ThisIsUs  @user sang a few episodes ago.  Missing her angelic voice.  Love the show.,positive,positive,0.9619680643081664,120,positive,1.0,42.820500006200746,31.075250008143485,positive,0.958232283592224,374.0356670168694
#NoDAPL #CorporateGreed #corporations are #evil especially the media #corporations #tpp #TrumpTrain #bravo #cnn #foxnews #soulless #wrong 😣,negative,negative,0.9302959442138672,139,positive,0.6510536074638367,44.19208399485797,40.427208004985005,negative,0.9433358907699584,297.797500010347
"@user it's free with insurance because of Obamacare, which trump wants to repeal 🙃",negative,negative,0.5585412383079529,82,positive,0.9999958276748656,40.811709011904895,27.08249998977408,neutral,0.6670810580253601,366.01604099269025
Buy VAMAA 3D Printing Pen 1.75mm ABS Filament 10m (0.25*40 Strands) (Snow White) at Rs. 299.00,neutral,neutral,0.8953137397766113,94,neutral,0.9999891519546508,45.49008299363777,39.418957981979474,neutral,0.9669948816299438,269.7545840055682
The #Obama admin. has carried out a deliberately deceptive campaign accusing Iran of sending arms to #Houthis#yemenhttps://t.co/KYu02C73ww,neutral,negative,0.7152671813964844,138,neutral,0.9999126195907592,44.18100000475533,42.88137500407174,negative,0.763323187828064,269.0566660021432
#Yanukovych seems much more willing to take questions from the media than @user often is! #UkrAine,neutral,positive,0.5450576543807983,98,positive,0.9999969005584716,37.40633401321247,28.69224999449216,positive,0.5193191766738892,242.18320901854895
"Madison Bartley with nice debut tonight: made her only shot and finished with 5 boards, 3 blocks, and 2 steals in Fairmont's win over Tipp.",positive,positive,0.8199953436851501,139,positive,0.9999959468841552,41.56458398210816,38.124540995340794,positive,0.9722069501876832,272.68779202131554
@user @user @user @user ☞ ISIS Films Men Laughing While Woman Is Raped in Background,negative,negative,0.550408124923706,84,positive,0.999993085861206,38.04537502583116,27.38087499164976,negative,0.918268620967865,277.92791699175723
"¡Gobble gobble, idiot hookers! #Thanksgiving #ScreamQueens",negative,negative,0.8929146528244019,58,negative,0.8658074736595154,36.20266600046307,26.862625003559515,negative,0.8851991891860962,248.59525001375005
Pelosi Challenger Brings ‘Industrial Midwest’ Perspective,neutral,neutral,0.8894288539886475,57,neutral,0.9995905756950378,38.8477919914294,21.310083975549787,neutral,0.9504350423812866,254.67741600004956
#TPP is N.W.O.; 1%er's Corporatocracy;～Global Governance by Corporate Jews.【https://t.co/WZGQvZfJgo　https://t.co/vRaKoOEr73】#ows #tcot #p2,neutral,negative,0.6061875224113464,138,neutral,0.9971725940704346,50.843458011513576,64.22162498347461,negative,0.5576702952384949,432.0966250088531
@user I hear you. Not worth it. Its like arguing with the devil. That's why I'm on gab.ai. All us deplorables over there. Come join,negative,negative,0.8972031474113464,131,positive,0.9972931742668152,43.59579097945243,39.24720798386261,negative,0.8046705722808838,280.2589579951018
Power of 50+ years of unrelenting CIA propaganda for sure. Lest we also forget 50+ years illegal USA trade embargo…,neutral,negative,0.8037253618240356,115,neutral,0.8637858629226685,40.972957998747006,30.39129200624302,negative,0.6173593401908875,255.2274170157034
"Okay, @user I think I've got my #GilmoreGirlsTop4: Max, Jess, Luke, Sookie",neutral,neutral,0.5987563729286194,74,positive,0.9890379905700684,38.48070799722336,29.219499992905185,positive,0.5245579481124878,252.93612500536256
How To Get Medical Marijuana Dispensary Card Ontario,neutral,neutral,0.9305432438850404,52,neutral,0.9999662637710572,44.37250000773929,21.17787499446422,neutral,0.93187415599823,265.8918749948498
"@user Your progressive POS rag is as irrelevant as Michael Moore, one of your early editors.",negative,negative,0.9423037767410278,92,positive,0.9991934895515442,41.902791999746114,28.55345801799558,negative,0.9408276081085204,260.97520801704377
“It’s such a futuristic idea. A world in which the descendants of slaves become poets.” ~ Terrance Hayes #NBAwards,neutral,neutral,0.5821343064308167,114,neutral,0.9999858140945436,44.9300000036601,32.260999985737726,neutral,0.508983850479126,244.9458750197664
"are you gonna say ""suck it bitch"" to the people he mass deported? the people who've been terrorized by drone strike…",negative,negative,0.9411778450012208,116,negative,0.9986353516578674,41.63683397928253,31.83024999452755,negative,0.9075661897659302,241.95549997966737
"@user Why is no one screaming for gun control? Shouldn't that be the story MSM obsesses over? But no, they MUST discredit #PizzaGate",negative,negative,0.8237280249595642,132,negative,0.9999117851257324,45.273875002749264,41.17441701237112,negative,0.7698172926902771,273.04945900687017
@user Wow...this is one deadly statement! Reminding me of the Greta Muhammad Ali.,positive,negative,0.9308304786682128,81,positive,0.9994693398475648,40.20858398871496,28.16354201058857,neutral,0.5451977252960205,244.632082991302
#pmp course prep with @user in #tripoli #libya; 25% discount; only 5 seats left!,positive,positive,0.5323866009712219,80,positive,0.9999467134475708,41.379750007763505,28.779375017620623,neutral,0.6238057613372803,246.82737499824725
i bought it for kh3 and persona 5 and ffxiv (tho i havent touched that in months,positive,neutral,0.7599878311157227,80,neutral,0.976467788219452,37.01187501428649,28.754333005053923,neutral,0.8693675994873047,241.444290993968
Drop 75% Price: £7.88. Paperback: The Gay & Lesbian Marriage & Family Reader: Analyses of Problems and Prospe...,negative,neutral,0.8848009705543518,112,neutral,0.9961501359939576,40.69804202299565,36.427333019673824,neutral,0.8960606455802917,246.9065409968607
@user @user @user @user You mean like Nancy Pelosi making millions on insider trading from her House sources?,neutral,neutral,0.6627072691917419,109,positive,0.9999825954437256,37.27641701698303,29.20400002039969,negative,0.5508437752723694,243.58375000883825
Can someone tell me where I can get a good red eyeshadow from?? (Not animal testing brands pls x),neutral,neutral,0.6381387114524841,97,positive,0.9999934434890748,37.03012500773184,28.873875009594485,neutral,0.792330265045166,248.64829200669192
Michael Hicks picks off Bishop Moore pass; after illegal-block penalty @user ball at its 33 7:50 2Q @user @user,neutral,neutral,0.9546419978141784,111,positive,0.9944274425506592,38.27475002617575,31.2839999969583,neutral,0.9254541397094728,431.4863749896176
See @user and @user on TV talking about #Homeopathy #ten23,neutral,neutral,0.8244907259941101,58,positive,0.9999796152114868,38.94974998547696,33.04958398803137,neutral,0.9433168172836304,351.26112500438467
"@user @user @user hi love the tweet, got stuff on social security tweet",positive,positive,0.9736595749855042,71,positive,0.9999991655349731,39.73329198197462,31.955375015968457,positive,0.9860513210296632,250.49041700549424
"@user Man who funded anti-Trump riots, Hillary, @user funded radicals to overthrow police, Ukraine go…",negative,negative,0.8235639333724976,102,positive,0.9999951124191284,39.56295800162479,37.74637499009259,negative,0.5906193256378174,274.459709005896
"@user Stay right here, buddy. There are lots of nasty women and bad hombres that are staying too.",neutral,negative,0.8697142601013184,97,positive,0.8587692379951477,37.55087501485832,40.119500015862286,negative,0.6696254014968872,246.2109159969259
These Formula racing champs use 3D printing as a key part of their racing strategy. It's the perfect tool with only…,positive,positive,0.91533225774765,116,neutral,0.8873187899589539,38.397458993131295,34.45291600655764,positive,0.8683211803436279,249.0734999882989
"#Russia-n and Chinese Defense Ministers discuss the latest development in #Libya, on the margin of a joint military…",neutral,neutral,0.9320834875106812,116,positive,0.9999537467956544,38.25979100656696,33.06412498932332,neutral,0.9607585668563844,257.10616700234823
"Suarez on twitter: ""YNWA #StevenGerrard"" [@LuisSuarez9] #FCBlive",positive,neutral,0.7687668204307556,64,neutral,0.997920572757721,39.07129098661244,34.37058301642537,neutral,0.9657357931137084,256.88483301200904
More happy tails!Gino and Rex have been adopted!Gino narrowly escaped euthanasia by heartstick. He is now the...,positive,positive,0.9624837636947632,112,positive,0.9998716115951538,37.23312498186715,35.59945899178274,positive,0.9667366743087769,409.67733299476095
"Electoral college hasn't even decided to vote for him, and he can't stop himself from fucking up. @user c…",negative,negative,0.9148086905479432,106,positive,0.9028878211975098,37.09520900156349,32.16324999812059,negative,0.88728266954422,302.3388749861624
"Its to be expected from ""electing"" a Fascist Nazi",negative,negative,0.8353473544120789,49,negative,0.7666770815849304,41.00949998246506,23.229749989695847,negative,0.944352090358734,283.1429170037154
"@user sadly, Putin has won big time over the past 10-15 years. His biggest triumph being the election of his proxy @user",positive,neutral,0.4259009063243866,120,positive,0.9999334812164308,36.43829200882465,30.37470899289474,negative,0.8450524210929871,265.9966670034919
US Airstrikes Hit 34 Daesh Fighting Positions Near Libya's Sirtehttps://t.co/E2aJFRljJx#Libya #News,neutral,neutral,0.6395756006240845,99,neutral,0.9685289859771729,45.56483399937861,39.97554100351408,negative,0.5757631659507751,254.50183398788795
watching Michael Moore in TrumpLand on @user,neutral,neutral,0.89533531665802,44,positive,0.9999402761459352,43.00520900869742,21.9590830092784,neutral,0.930526077747345,242.7183749969117
@user you were elected with promise to keep #Medicaid #Medicare Paul Ryan was not elected #POTUS PLEASE do not kill w his plan,negative,negative,0.6292964816093445,126,positive,0.9997320771217346,37.032583000836894,30.704000004334375,negative,0.595022439956665,258.08475000667386
After finally watching the whole of #FantasticBeasts I can officially say that it is a bloody awesome film✨,positive,positive,0.989232897758484,107,positive,0.99904602766037,36.29145797458477,27.786999999079853,positive,0.9914775490760804,247.63495801016688
Creepy name dropping won't hide your fake followers @user #Thanksgiving!@RadioFreeTom @user,negative,negative,0.872545063495636,91,negative,0.998376727104187,35.80199999851175,28.421249997336417,negative,0.8680206537246704,265.0141659833025
No mention of miasms. #homeopathy,neutral,neutral,0.7421480417251587,33,neutral,0.9996631145477296,39.74704199936241,21.3041249953676,neutral,0.6466702818870544,252.96704200445672
"*** COURTESY POST - URGENT - RESCUE ONLY ***In danger of euthanasia, rescue needed NOW. Spalding County is in...",negative,neutral,0.633812427520752,112,negative,0.9471185207366944,47.48925002058968,36.81029102881439,neutral,0.5028239488601685,277.58212501066737
@user @user oh my godddd!@@@,positive,negative,0.5602296590805054,28,positive,0.9999982118606568,39.94295801385306,21.172292006667703,positive,0.8755359649658203,273.9290409954265
"@user @user I hope this isn't another attempt to get a 300 hitter from the National League who now hits 220 Tai wins Cy young, ew",negative,negative,0.7566946744918823,129,positive,0.9999996423721312,44.18958400492557,37.9165830090642,negative,0.5743179321289062,270.10379199055023
Omg I love Jill Scott why am I just now watching #ThankYouObama 😭,positive,positive,0.9781365990638732,65,positive,0.9999995231628418,43.32654198515229,26.30758300074376,positive,0.9900335669517516,262.1506660070736
"@user I'm still hype af for Berseria, Persona 5 and FFXV!",positive,positive,0.9793263673782348,57,positive,0.999996542930603,42.57254200638272,28.874707990325987,positive,0.9918428659439088,241.97795800864697
Niggas be broke that's the reason they hate flipping them burgers for minimum wage 😅,negative,negative,0.7847338318824768,84,negative,0.9999561309814452,40.35833300440572,27.68391600693576,negative,0.9148219227790833,246.1822920013219
"If their great-grandfathers who fought in WWII could see alt-rightists applauding ""Hail Trump,"" they'd give them such an ass-kicking...",negative,negative,0.7216489315032959,135,positive,0.9763107895851136,42.36974997911602,38.856833009049296,negative,0.9023061990737916,278.00595900043845
@user @user @user Well I will not stop complaining as your vote went towards a misogynist and a p*ssy grabber #StillWithHer,negative,negative,0.9076566100120544,123,positive,0.9999879598617554,42.84845798974857,38.08970900718123,negative,0.8943015933036804,249.28491600439884
"Fascinating interview with former Georgia President Mikheil Saakashvili - very candid about Putin, Trump & NATO",positive,positive,0.7806006073951721,111,neutral,0.8463719487190247,36.46083298372105,29.458750010235235,positive,0.5901995897293091,253.5376249870751
@user There isn't even a proper correlation because almost all of the decline in deaths&complications occurred BEFORE the vaccines,negative,negative,0.7643298506736755,130,positive,0.9708877205848694,39.470583986258134,29.2913330195006,negative,0.6194871664047241,254.78879202273671
"@user in a post-truth world of propaganda and organized voter suppression, can you make progress without using the same tools)",neutral,negative,0.5112414360046387,126,positive,0.9999089241027832,36.60662498441525,28.37600000202656,negative,0.6707109808921814,248.80908301565796
@user  death penalty for this dumb fawk,negative,negative,0.9399596452713012,39,positive,0.9998929500579834,39.304375008214265,21.837665990460664,negative,0.9362981915473938,246.07845800346695
"Poorly implemented app can be exploited to locate, unlock and steal a Tesla Model S",negative,negative,0.8596786856651306,83,neutral,0.9812894463539124,40.84416598198004,26.018082979135215,negative,0.8153480887413025,270.3853749844711
@user deadline for WI is today and hoping your people are on it and NOT this lying Putin loving scammer,neutral,negative,0.7033881545066833,103,negative,0.970986783504486,36.475874978350475,29.61187501205131,negative,0.803736686706543,242.67212499398735
@user @user @user @user @user Past Time to take care for our planet.,neutral,neutral,0.7633137106895447,68,positive,0.9999972581863404,39.97470799367875,26.585042010992765,neutral,0.7217254042625427,232.46816601022147
"She doesn't care though, she says next year she's eligible for Medicaid.",neutral,neutral,0.6927275061607361,72,negative,0.9847800731658936,38.973749993601814,26.25537500716746,neutral,0.6951957941055298,234.89066699403335
@user same (praise Kim Jong-un),positive,positive,0.7698298692703247,31,positive,0.9999988079071044,38.99216701393016,22.309833992039785,neutral,0.7576190829277039,248.62608400871977
Don't forget to buy crap! Also who's got my #Hatchimals hookup,negative,negative,0.7807518839836121,62,negative,0.6201522350311279,39.80745800072327,30.703208001796156,neutral,0.5821815133094788,233.53879200294617
What is Homeopathy | National Center for Homeopathy,neutral,neutral,0.9074367880821228,51,neutral,0.9997158646583556,39.58525002235547,21.482208016095683,neutral,0.9137049317359924,275.89266700670123
no building or street or school will named after Fidel Castro in Cuba. That is Fidel's wish.@_cosatu @user @user @user #fidelcastro.,neutral,negative,0.586754322052002,132,neutral,0.7662616968154907,45.06970799411647,39.33004100690596,neutral,0.4879829287528991,287.53333300119266
@user Stop Time Tonight,neutral,neutral,0.9263245463371276,23,positive,0.9999996423721312,43.02195899072103,19.388750020880252,neutral,0.9637755751609802,254.6312920167111
4. One last time - #ArianaGrandehttps://t.co/0o4T0q3GsY,positive,neutral,0.7544316649436951,55,positive,0.9829187393188475,38.8547079928685,34.39358400646597,neutral,0.8276075124740601,237.73520800750703
BOOM: Mass immigration has turned some UK towns into ghettos: Bombshell Report,negative,negative,0.8392994999885559,78,negative,0.9922071099281312,43.41174999717623,29.37891701003537,negative,0.808008074760437,248.77012500655837
Dady is slaying the game of abs.AMÈM LIAM PAYNE #MtvStarsNiallHoran #MPN #OneDirection,neutral,positive,0.815331220626831,86,positive,0.9590948224067688,43.86120798881166,35.64733301755041,positive,0.7105492353439331,256.4898330019787
"@user Federal offices as POTUS ""NEED FEDERAL REGULATIONS, NOT STATE LAWS""~This needs to change to federal rules!",neutral,negative,0.574496865272522,112,positive,0.9995362758636476,43.8252919993829,33.12262499821372,neutral,0.5316946506500244,278.51037500659004
More creepy Elton John info. #pizzagate #pedofiles #pedophiles #coverup,negative,negative,0.8396601676940918,71,neutral,0.9991518259048462,38.39158298796974,33.490165980765596,negative,0.8905894160270691,276.8951249890961
Why tf are tanks at a black lives matter protest but they nowhere to be found when the kkk is celebrating trump's v…,negative,negative,0.8271421790122986,116,negative,0.9952723383903505,37.70279200398363,32.29724999982864,negative,0.6673514246940613,231.72449998673983
@user I wish to be there lovely bro Sami💐Wishing you a successful wonderful and concert in Dubai lots of love…,positive,positive,0.9870431423187256,110,positive,0.9999997615814208,37.17641599359922,29.996666009537876,positive,0.9948983788490297,235.59437500080097
"@user Hi. I can't find the old episodes of #TheWalkingDead  on Virgin on Demand anymore: have they gone, or am I looking wrong? 😊 ❤📺",negative,neutral,0.7211703658103943,132,positive,0.9999833106994628,39.693124999757856,40.12654200778343,neutral,0.6573258638381958,244.4179590092972
Commander of 5th infantry division visit #IraqiArmy and PMF wounded in #Baquba hospital#ام_الربيعين_تجمعنا#mosul…,neutral,neutral,0.7229012846946716,113,neutral,0.5543212294578552,43.30420898622833,44.13070800364949,neutral,0.9617125391960144,257.1976250037551
.@PeterMonPhotog on #Periscope: Black lives matter protest continues,neutral,neutral,0.797024667263031,68,neutral,0.890795886516571,40.339875005884096,27.91987499222159,neutral,0.7997899651527405,240.28629198437557
troubling application of deep learning,neutral,neutral,0.5317122936248779,38,neutral,0.9998527765274048,44.04124998836778,20.599417010089383,negative,0.7003369331359863,270.69370899698697
"@user @user oh, and Hillary most likely didn't win the popular vote, considering how many illegal votes were casted",negative,negative,0.7893977761268616,115,positive,0.9999995231628418,36.514207982691005,29.45316699333489,negative,0.7104204297065735,247.16591599280943
Free use-case based #DeepLearning course with #TensorFlow at @user #BigData…,neutral,positive,0.5587389469146729,76,positive,0.9986427426338196,38.2208339869976,28.102584008593112,neutral,0.7453938722610474,234.3369580048602
As does the $$ the Secret Service must pay to fly on Trump planes to protect Melania & the kids.,neutral,neutral,0.5445947051048279,96,negative,0.999171257019043,35.57604202069342,27.296959015075117,neutral,0.6125773191452026,232.36324999015775
"Honored to represent @user 2 discuss Robots, Materials, Energy & Agriculture at XI Innovation Congress #sswcee",positive,positive,0.949168622493744,110,positive,0.999112904071808,40.187541017076,27.919459011172876,positive,0.9044169187545776,269.149625004502
"Medical marijuana is legal in majority of America, yet veterans get no guidance thanks to VA policy…",negative,neutral,0.4897198379039764,100,negative,0.9999977350234984,41.37795799761079,26.132208004128188,negative,0.531352698802948,254.28012499469332
".@CCFA Of all things, homeopathy? Patients need to know this is a scam with no basis in science (or reality).",negative,negative,0.9255809783935548,109,negative,0.97265887260437,37.77900000568479,35.05062501062639,negative,0.9274709820747375,232.61870900751092
"SORRY, HARRY...I'M LEAVING YOU FOR YOUR TWIN: MARCEL #JK #Onedirection #HarryStyles",neutral,neutral,0.743890643119812,83,positive,0.9999676942825316,42.759208008646965,28.957290982361883,neutral,0.7053981423377991,239.54341700300577
A Bronx Tale of Deplorables. .#PenceMusical,neutral,neutral,0.7906448841094971,43,neutral,0.9999920129776,40.928500005975366,25.528708996716887,negative,0.8977864980697632,241.6526670276653
@user @user @user America was saved. Wake the hell up. You want 2M refugees? Global gov?TPP?Learn the facts goto college,negative,negative,0.825382649898529,120,positive,0.9999997615814208,43.23741601547226,36.1329999868758,negative,0.7337430119514465,253.43533302657303
Soz but u can't protest against animal testing if you eat meat & dairy. Laboratories are like a vacation compared to meat & dairy farms.,neutral,negative,0.6276711821556091,136,positive,0.8596556782722473,38.23608299717307,34.18229200178757,negative,0.6028442978858948,242.5601249851752
@user HBO hun...the show is really good. Get read to have Melania Trump facial expression for like three episodes though😂,positive,positive,0.9107224345207214,121,positive,0.9999979734420776,38.15958299674094,31.426708010258153,positive,0.9649869203567504,245.4662920208648
Thousands flee Raqqa as Turkish-Kurdish tensions threaten anti-IS campaign #ISIS,neutral,negative,0.7862014174461365,80,positive,0.9999443292617798,39.88354100147262,29.276792018208653,negative,0.5355686545372009,233.22816702420823
Dylan Not Dark Yetthis'll keep oneself loving life,positive,positive,0.8317344188690186,50,positive,0.9588545560836792,41.71079199295491,23.62666602130048,positive,0.8846334218978882,244.17720799101517
Worthy Read~,neutral,positive,0.947393536567688,12,neutral,0.9961309432983398,41.95179199450649,20.201833016471937,positive,0.812380850315094,238.07295900769532
"""who's the most wiped out white boy? Zac Efron! Zac Efron!""",neutral,neutral,0.5612324476242065,59,positive,0.9065378308296204,36.90933299367316,32.28058299282566,negative,0.4761565625667572,231.4887090178672
Fan opinion: right now I would absolutely take Justin Verlander as a Red Sox. Hands down. #RedSox,positive,positive,0.7887262105941772,97,neutral,0.999995231628418,38.45808299956843,29.96529100346379,positive,0.5836456418037415,384.90983299561776
Bannon bringing Reagan back! #magahttps://t.co/FgL5uiKtJK via @user,neutral,neutral,0.6252504587173462,67,neutral,0.9834426045417786,36.961167003028095,30.84516600938514,positive,0.6380303502082825,291.9628749950789
Anti-Trump Protests And Riots Backfire!! Students Starting To Realize Th... via @user,neutral,negative,0.7278933525085449,85,positive,0.9997193217277528,36.88891598721966,27.50587501213886,negative,0.8282833695411682,229.1859170072712
"RT @user When they're literally doing a Nazi salute you don't have to fudge and call them ""alt right""",neutral,negative,0.6950089931488037,101,positive,0.9998188614845276,36.94520800490864,29.15499999653548,negative,0.933807134628296,228.44516701297837
Steve Bannon Should Stay out of White House: Attorneys,negative,neutral,0.6709489822387695,54,neutral,0.9996947050094604,40.98445799900219,20.146458002272993,negative,0.62990802526474,247.1132500213571
#humanrights #UnitedNations Palestinian capable of overcoming aches to help humanitarian aids!,neutral,positive,0.6699641346931458,94,positive,0.7791790962219238,40.95479199895635,28.703207994112745,positive,0.6573607921600342,237.73512500338256
#today Somewhere quite high on a road between Bala and Vyrnwy,neutral,neutral,0.9113321900367736,61,positive,0.9999815225601196,40.44112499104813,25.31504098442383,neutral,0.9704861044883728,236.1677500011865
"@user isn't he the ultra conservative anti- gay marriage, anti-abortion, anti- everything guy?",negative,negative,0.6049473881721497,94,positive,0.9999940395355223,36.99020799831487,26.989957987098023,negative,0.5249617099761963,245.82549999468029
"And in my defense, I said Marcelo out of reflex but clarified that Cristiano Ronaldo dos Santos Aveiro is actually the best.",positive,positive,0.7629368901252747,124,negative,0.9972943663597108,38.01308400579728,30.036957992706448,positive,0.6546858549118042,238.99833299219608
Ashley Graham Lands Her First 'Vogue' Cover and Goes Au Naturel,neutral,neutral,0.7915081977844238,63,neutral,0.9952293634414672,41.36966698570177,22.297375020571053,neutral,0.6639063358306885,229.0208330086898
"So I see the takes this week are split between ""the popular vote should reign supreme"" and ""enlightened electors should override the voters""",neutral,neutral,0.6633529663085938,140,neutral,0.9744424819946288,39.18445800081827,30.920707999030128,neutral,0.874646782875061,237.345583998831
I think we should give all #ISIS members a Bible this #Christmas,neutral,negative,0.5957412123680115,64,neutral,0.9977744221687316,38.95529100554995,21.069749986054376,negative,0.4940671622753143,224.13670798414387
This is of concern for all of us,neutral,neutral,0.702945351600647,32,neutral,0.99936705827713,43.45945897512138,20.47616697382182,neutral,0.7161639332771301,240.24633399676532
"Even after the 4th time watching #FantasticBeasts, I still teared up at the John Williams opening scores. Such a cry baby 😭",positive,negative,0.5288591384887695,123,positive,0.4820009768009186,44.39470899524167,28.808542003389448,positive,0.5025023818016052,220.7945830014069
"@user Never will let - via the reluctance influx of robbed by Poroshenko Ukrainian, where millions of families live on $ 40 a month",negative,negative,0.80623459815979,131,positive,0.9999974966049194,38.006249989848584,29.172500013373792,negative,0.8937011361122131,226.79929199512117
Late Thanksgiving Day selfie #happyholidays #notsweaterweather…,positive,positive,0.9356621503829956,63,negative,0.988055408000946,41.2714580015745,26.97595799691044,positive,0.930359959602356,227.2995829989668
"The ""rich white racists"" hurting ""brown people"" are the Liberals inciting riots & racial divide in America! #Putin'…",negative,negative,0.9066764116287231,116,negative,0.991084098815918,38.68316701846197,30.38345801178366,negative,0.8799914121627808,232.59841598337516
Banda Piper -  Ricky Martin (Livin' la vida loca) e Marron 5 (This love) via @user,neutral,neutral,0.8939383029937744,82,positive,0.9999351501464844,37.87162498338148,31.407500006025657,neutral,0.7061107754707336,227.7298750123009
Tesla Factory overview    they're already producing Model 3 or S,neutral,neutral,0.8898293375968933,64,neutral,0.9998953342437744,39.50804198393598,21.553250000579283,neutral,0.5066961050033569,238.55929099954665
I am so excited to see @user @user and @user on @user #GilmoreGirlsTop4 #FallonTonight,positive,positive,0.988621175289154,86,positive,0.9999994039535522,37.77583298506215,28.831959003582597,positive,0.9874559044837952,230.8178340026643
@user You and George Soros make a good team!,positive,positive,0.8371121287345886,44,positive,0.9999998807907104,38.79220798262395,21.874792000744492,positive,0.9761825203895568,242.85199999576432
Review: Google Earth VR - VR Today Magazine (apparently remarkable achievement!) @user #VR,positive,positive,0.9777039289474488,90,positive,0.9999988079071044,42.65116699389182,27.216499991482124,positive,0.919861614704132,231.14170800545253
@user I followed Pope Francis' Latin twitter. I don't speak Latin.,neutral,neutral,0.8855487108230591,66,positive,0.9999985694885254,39.731666998704895,27.34762500040233,neutral,0.8297870755195618,220.13866697670892
"@user But,her sis was big in election,familyRall writers&ACexpert on digi media,so logical cd increase # s",positive,neutral,0.6658414006233215,106,positive,0.9999762773513794,42.622000008122995,37.33858300256543,neutral,0.7526066303253174,237.83579200971872
"Wait, Grayson Allen is still playing!? I know he looks like he's 12, but he's been there at least 6 years, right?",neutral,neutral,0.8259178996086121,113,neutral,0.6403495073318481,38.80979199311696,35.419417021330446,neutral,0.7514260411262512,246.52095898636617
"Pelosi, always one to reward failure, is trying to burden House Dems with Ben Ray Lujan as DCCC chair again. She's now incapable of learning",negative,negative,0.9180924296379088,140,negative,0.716037929058075,42.57387499092147,37.54141600802541,negative,0.905121386051178,241.54404099681415
"@user @user @user leftists have cried wolf a few too many times, while Trump supporters r getting assaulted actually.",negative,negative,0.8519748449325562,117,positive,0.9997277855873108,36.82012500939891,28.469915996538475,negative,0.8558838963508606,226.3301670027431
"So that's Obama Care, prosecuting Clinton & the Mexican border wall that he's now reneged on?! #lies #establishment…",negative,negative,0.8374610543251038,116,positive,0.7239522933959961,38.02937502041459,29.616457992233336,negative,0.8639187812805176,224.0507079986855
I want to see more robots fall in love with other robots,positive,neutral,0.4968145191669464,56,positive,0.9999971389770508,39.5514169940725,20.470625022426248,positive,0.7868454456329346,244.95570798171684
"There could be a thousand more Hairspray remakes, and I will still like the one with Zac Efron better.",positive,positive,0.8208129405975342,102,positive,0.9348878264427184,40.32258299412206,28.666958009125665,positive,0.5062072277069092,230.3601670137141
"A Battle to Change Medicare Is Brewing, Whether Trump Wants It or Nothttps://t.co/SYFgzYscjy#uniteblue #notmypresident",neutral,negative,0.559903621673584,118,positive,0.9525103569030762,44.09541600034572,38.82862499449402,negative,0.7049775123596191,247.075124992989
"The same people (leftists) who fought for women and gays, wanna allow the risk of terrorist migration in this country that kills them.",negative,negative,0.8988037109375,134,negative,0.9998979568481444,38.914207980269566,29.802167002344504,negative,0.9122776985168456,230.3302079963032
#Solar-powered #water #supply #project #commissioned in #Yemen,neutral,neutral,0.887561559677124,62,positive,0.9997183680534364,40.99458298878744,27.25620800629258,neutral,0.9374216794967652,225.05766598624177
Catching up on TWD #amc #TheWalkingDead,positive,neutral,0.8495028614997864,39,neutral,0.9967635869979858,39.05187497730367,22.764916997402903,neutral,0.944348156452179,241.4187079994008
Fossil fuels will still provide 80% of global #energy supply in 2035 said Dr. Eveloy @user at Network’s workshop…,neutral,neutral,0.8549164533615112,113,neutral,0.9998362064361572,43.26779200346209,30.87562500149943,neutral,0.927315354347229,235.68775001331232
FBI Is Doing their Job. COMEY Works for Putin.,neutral,neutral,0.575073778629303,46,negative,0.9999712705612184,40.30295799020678,21.234209008980542,neutral,0.5870018601417542,247.51054198713973
DAPL doesn't effect a single cent of fossil fuels,neutral,negative,0.5472015738487244,49,negative,0.5804543495178223,41.22583399293944,21.431917004520074,neutral,0.5539857745170593,246.59966700710356
@user @user @user Loyalty's V.important 2.Dems GOPe Press all working against him. Mitt foreign policy vision diff.,negative,neutral,0.7416691184043884,115,positive,0.9999717473983764,37.875917012570426,36.52191598666832,neutral,0.5786932706832886,237.09054198116064
@user Marion Le Pen has also accepted stolen wine from Crimea and agreed to new winemaking partnership #Sanctions #CrimeaIsUkraine,negative,negative,0.5462695360183716,130,positive,0.9999885559082032,40.67020898219198,30.883792001986876,negative,0.5283488035202026,254.68120799632743
New on #Steemit: Cristiano Ronaldo all Luxury Cars,neutral,neutral,0.7280698418617249,50,neutral,0.9999715089797974,38.968624983681366,25.236957997549325,neutral,0.8454316854476929,250.30820799292997
".@DrJillStein @user Answers? What are the Qs?Problem is voter suppression, not vote chicanery.Focus on the former, not the latter.",neutral,negative,0.7645395994186401,130,negative,0.9994940757751464,42.99879202153534,61.50120901293121,negative,0.6164684891700745,268.69237498613074
6. Vegetarianism is the best way to go,positive,positive,0.8458177447319031,38,positive,0.9970211386680604,40.639374987222254,33.57145900372416,positive,0.7828444242477417,272.51562499441206
@user they have some bad hombres working tonight?,neutral,negative,0.8407238721847534,49,positive,0.9519725441932678,39.66316700098105,24.816707998979837,negative,0.7786597609519958,271.6958750097547
"@user secures first major sales order worth around $65,000 #business #news #investment #ASX200 #Pharmaceutical",positive,positive,0.5895603895187378,110,positive,0.9999985694885254,40.02495898748748,31.27333300653845,neutral,0.7506288886070251,256.2582079845015
"IFC signed agreement with Bank of #Palestine to scale up lending operations to smaller firms, especially women-owne…",positive,neutral,0.7773028016090393,116,positive,0.9999819993972778,38.26241701608524,31.009792000986636,neutral,0.5769567489624023,243.40016700443812
mi mamá didn't tell me there was codeine in the cough syrup she gave me so I spent all of Thanksgiving drugged wbu,neutral,negative,0.6837069988250732,114,negative,0.999669313430786,38.9370410121046,30.13683299650438,negative,0.7687572240829468,240.2433329843916
Have a pesky relative that won't stop complaining about Trump? Check to see if they're registered to vote:https://t.co/ddJFVJrUZw,neutral,neutral,0.5955311059951782,129,neutral,0.999963879585266,43.628625018754974,39.86595800961368,negative,0.6015986204147339,246.34008400607857
Happy belated #NationalFastFoodDay!I want our #McDonalds with #McDelivery & #ShrimpBurgers like in #Seoul!  My fav…,positive,positive,0.9842444062232972,115,positive,0.9998879432678224,44.50587500468828,38.66237498004921,positive,0.9867697954177856,252.29029098409228
The The Orlando #Python User Group meetup is hosting the Deep Learning with #Python on Monday after next. Be there:,positive,neutral,0.6710382699966431,115,positive,0.9998477697372437,37.23616700153798,27.83808298408985,neutral,0.7763453722000122,226.2928750133142
@user it's soft conservatives who are cool with gay people (sometimes blacks) and drone strikes versus genuine progressives.,negative,negative,0.6401640772819519,124,positive,0.9991315007209778,38.23195901350118,30.04549999604933,neutral,0.6138679385185242,233.28529100399464
Google Earth joins the VR revolution letting you wander the world in 3D:,positive,positive,0.5225195288658142,72,neutral,0.9765349626541138,40.331500000320375,20.927249977830797,positive,0.6139163970947266,220.1531669998076
"@user anyways u can assume I & others have the best intentions & wouldnt advocate nonconsentual testing for anyone, human or animal",neutral,neutral,0.5311413407325745,131,positive,0.9999960660934448,37.599333008984104,30.69887502351776,neutral,0.7632134556770325,229.26545797963627
Ashley Graham needed affirmation after being dumped #bollywood,neutral,neutral,0.5558559894561768,62,neutral,0.9997678399086,39.746540976921096,22.25875001749955,neutral,0.718567430973053,249.59633298567496
#Buzzfeed is using #BIGOTED #ReligiousTest! #ChipGaines #JoannaGaines #HGTV #Christian,negative,neutral,0.8857036232948303,86,positive,0.5245869755744934,43.97120900102891,29.85108399298042,negative,0.5458489060401917,244.65170802432112
Westworld and our increasingly wired sense of eroticism,positive,neutral,0.7974797487258911,55,neutral,0.9998457431793212,39.74862501490861,22.33174999128096,neutral,0.5898823142051697,323.20204202551395
Marine Le Pen: Facts about the French far-right leader,neutral,neutral,0.8446119427680969,54,neutral,0.9994186162948608,41.606125014368445,21.152333007194105,neutral,0.9063945412635804,244.16425000526945
@user I'm voting for Tim Duncan,positive,neutral,0.7665879726409912,31,positive,0.9999961853027344,43.003833008697256,19.89737499388866,neutral,0.6842191815376282,240.42112499591897
"@user ruin ACA, privatize schools and Medicare, limit abortion choice, sell america's interests to line his pockets, start wars",negative,negative,0.8491477370262146,127,positive,0.9999476671218872,38.82170800352469,30.24008302600123,negative,0.8889556527137756,229.54162501264364
@user she introduced Ivanka to her husband!? Wow all surrounded by Putin's agents,neutral,neutral,0.5867801904678345,81,positive,0.9999419450759888,40.65008298493922,26.721375004854053,neutral,0.5883290767669678,228.9089590194635
@user Everyone knows that vegetarianism is synonymous with wellness! 🙄,positive,neutral,0.4786514043807983,70,positive,0.9999735355377196,40.62991699902341,21.204958989983425,neutral,0.710071325302124,243.8892920035869
"RT @user Trump supporters, please read this article. Do you support this? What possible response is there?",neutral,negative,0.7437108755111694,106,positive,0.999987244606018,35.89887500857003,27.08516697748564,neutral,0.7945886254310608,229.32495901477523
To motivate deep learning & resilience help youth develop initiative. Great tips from @user,positive,positive,0.9578109383583068,91,positive,0.9999979734420776,40.17933298018761,27.604582981439307,positive,0.955061972141266,224.8601249884814
#native american sex pictures download porn mp4 anal fissure homeopathy,neutral,neutral,0.7560844421386719,71,neutral,0.7670710682868958,40.85858300095424,26.61366699612699,neutral,0.6809463500976562,248.62912500975656
Representing in the @user for my peeps. #brownandproud #bad-hombres #thanksgiving,neutral,positive,0.5988271832466125,81,positive,0.99999737739563,37.80074999667704,27.71958298399113,positive,0.583496630191803,233.66316701867615
Ethics counsels for W & Obama: Electors shd vote #Clinton if #Trump retains ownership of his businesses #UniteBlue,neutral,neutral,0.8517529964447021,114,positive,0.9999475479125975,39.33937501278706,28.649749991018325,neutral,0.7896184325218201,230.2575409994461
The New York Times doesn't even pretend to cover the news anymore. Where are their articles about anti-Trump riots?,negative,negative,0.8580602407455444,115,negative,0.995133101940155,37.152000004425645,28.22074998402968,negative,0.9233912825584412,228.4204579773359
67.4 kg gold missing from Delhi airport in 7 months - via,negative,neutral,0.6595854163169861,57,neutral,0.9999902248382568,39.002542005619034,21.508707985049114,negative,0.7075927257537842,222.68133400939405
#ESPN 2013-14 Panini Gold Standard Gold Prospects #35 Harrison Barnes /49 #TFBJP,neutral,neutral,0.962702453136444,80,positive,0.972470998764038,35.637166001833975,28.383374999975786,neutral,0.9702304005622864,228.39408300933428
"@user @user ...and by ""genocidal antisemites"" you mean Steve Bannon, right?#NotMyPresident",negative,negative,0.8690690398216248,90,positive,0.9999977350234984,36.786917014978826,35.163916007149965,negative,0.925542175769806,229.9725410121027
"Rimmel Cosmetics, Avon and Cover Girl: You have got to stop making “cosmetics of cruelty”!",negative,negative,0.8723275661468506,90,neutral,0.9998511075973512,38.38558300049044,27.96325000235811,negative,0.9294551610946656,229.6188339823857
@user Legal terminology for opposing gay marriage? Homo MatrimOHNO,negative,negative,0.5299476981163025,66,positive,0.999962568283081,39.33683299692348,22.110541991423815,neutral,0.5865588188171387,223.41166701517068
#Marijuana is medicine. 4 a very authoritative medical review of #cannabis https://t.co/9VlyPQTnGT No Exp date,neutral,neutral,0.6021127104759216,110,positive,0.9958382844924928,40.70099999080412,36.65845800423995,neutral,0.4958923459053039,245.7956250000279
What would The [un] @user & Conservatives say if @user or @user did a secret deal to give $300miln to WA? #auspol,negative,neutral,0.8842323422431946,113,positive,0.8676968812942505,45.156292006140575,36.55612500733696,neutral,0.924287736415863,243.2439999829512
#Prophet #Muhammad was treating every one of his #companions as if he most #beloved one to him. #Ep06_,positive,positive,0.5873820781707764,102,neutral,0.9999399185180664,37.48812500271015,28.84245800669305,positive,0.5048292875289917,244.54183300258592
Shame on #Barcelona fans for #homophobia displayed towards @user #RainbowLaces…,negative,negative,0.9215261936187744,79,positive,0.6434223055839539,36.38050000881776,27.768542000558227,negative,0.9378005266189576,229.6155829972122
He's already ENRICHING HIMSELF by charging SS TOP price @user Towers Melania should b forced 2 live @user when time,negative,negative,0.5691756010055542,115,positive,0.9985334873199464,39.50650000479072,27.966333989752457,negative,0.7468746304512024,229.8489169916138
Abortion really brings out the kid in you.,negative,negative,0.7142614722251892,42,neutral,0.9980579018592834,40.70712500833906,20.378500019432977,negative,0.7636322975158691,240.03929199534468
You can now virtually travel the planet as #Google Earth is available in VR.,neutral,positive,0.6870924234390259,76,neutral,0.9994896650314332,43.19670901168138,25.134416995570064,positive,0.6711126565933228,224.1152499918826
New #BeautyAndTheBeast photo of Gaston wooing Belle @user @user,positive,neutral,0.7090470790863037,63,positive,0.9999202489852904,48.14412500127219,27.88558299653232,neutral,0.9492623805999756,222.58112498093396
The best holiday ever National Fast food day #NationalFastFoodDay   @user,positive,positive,0.9917895793914796,73,positive,0.9987058639526368,38.69716697954573,24.849417008226737,positive,0.989245593547821,220.91208302299492
Fast food companies spend $2B advertising to children each year. How's a parent to compete? #NationalFastFoodDay,negative,neutral,0.7050699591636658,112,neutral,0.9999731779098512,40.19358300138265,29.63570802239701,negative,0.5372228026390076,239.71937500755303
"@user @user ...or for her support of ""terrorism""! #Hamas",negative,negative,0.7018967270851135,56,positive,0.9999743700027466,41.043292003450915,26.34737500920892,negative,0.8108588457107544,246.80216697743165
"Comey’s letter swung public opinion, it would not have cost her the election. Voter suppression did that.",negative,negative,0.6920162439346313,105,negative,0.9998249411582948,37.02191699994728,27.822332980576903,negative,0.5117232799530029,274.85487502417527
#airbnb trips seems good #trips #uber…,positive,positive,0.8973917365074158,38,positive,0.9999713897705078,41.841458005364984,21.66920798481442,positive,0.9706703424453736,227.81800001394004
"If teachers are willing to make content wicked cool, students will be willing to engage in deep learning. #divergED…",positive,positive,0.8301326036453247,116,neutral,0.9998310804367064,37.58920801919885,27.357958984794095,positive,0.8105052709579468,230.53120900294743
Smart roads are the companion self-driving cars need.,neutral,positive,0.7149525880813599,53,neutral,0.9999675750732422,41.01254200213589,20.611582993296903,positive,0.6700973510742188,242.42900000535883
@user she plans to rig the recount...so the Trump admin better be ahead of this. Even Obama didn't want her to do it.,negative,negative,0.8583071827888489,117,positive,0.9999473094940186,37.93170800781809,36.322041996754706,negative,0.7121195793151855,246.29254199680872
Increasingly looks like Russia just conducted a sophisticated intel & propaganda operation of historic significance…,neutral,neutral,0.6409395337104797,116,negative,0.8663153052330017,39.32637500111014,25.31308401376009,neutral,0.6136636734008789,224.8712919827085
"@user A fine on that level does not really make much difference, does it 😔 #fracking destroys #environment @user",neutral,negative,0.9160420894622804,112,positive,0.6931290626525879,38.178416987648234,29.49316700687632,negative,0.924779772758484,232.2697500057984
"The deplorables will have an awesome four year long hangover, think salt and hemroids, head in a sack bar of (cont)",negative,negative,0.7596957683563232,115,positive,0.9999986886978148,36.347415996715426,36.87620899290778,negative,0.7253076434135437,233.079458004795
@user When are we going to sign Mr. @user to his extention? Let's get it done!,positive,positive,0.6042792201042175,78,positive,0.9999995231628418,37.44179199566133,28.49270799197257,neutral,0.7285378575325012,228.6844999762252
"@user @user @user Great, so how far will you comply? Just squeeze a little more gun control?Ban angled foregrips, fudd?",negative,neutral,0.4758670330047607,119,positive,0.9999974966049194,42.77416699915193,36.54724999796599,neutral,0.6515763998031616,246.60270899767056
"""Focusing on [alt rightists'] respectability...makes white supremacy appear normal and acceptable.""",neutral,negative,0.5735711455345154,99,neutral,0.9997276663780212,36.1198750033509,28.177333006169647,negative,0.8327325582504272,227.6575830182992
"George soros...a member of the National socialist German worker party(nazi party). He served under Hitler, Himmler,this man said...",negative,neutral,0.831203818321228,131,negative,0.5045651793479919,43.197000020882115,36.96204200969078,negative,0.674128532409668,244.22887500259097
@user The Clinton Crime Foundation got everyone wanting to Pay to Play!,negative,negative,0.5295618772506714,71,positive,0.9999228715896606,38.43633399810642,21.327624999685213,negative,0.8602679371833801,222.06041699973864
@user @user @user @user @user The NeoFascist Conservatives all cling to the fact that...,negative,negative,0.6331828832626343,88,positive,0.9998787641525269,38.8609160145279,29.463541985023767,negative,0.4912723004817962,229.6175000083167
#FantasticBeasts at @user then to DHS for #JingleBellJingleBAM,positive,positive,0.8955100774765015,62,positive,0.999936819076538,37.600207986542955,27.822792006190863,neutral,0.9140409231185912,225.5034169938881
FCBarcelona: Arda Turan missed Friday's training session at the Ciutat Esportiva due to a fever #FCBlive,neutral,neutral,0.6349655985832214,104,negative,0.9556165933609008,36.68183297850192,37.446417001774535,neutral,0.503548264503479,234.51245899195783
@user it just fucking blows because working a minimum wage job i need all the money i can get. shit isnt cheap.,negative,negative,0.9478798508644104,111,negative,0.9999895095825196,38.864583999384195,29.31650000391528,negative,0.9394312500953674,232.1361250069458
Spirit of my silence i can hear you. But im afraid to be near you. #ThisIsUs 😍😍😍,positive,positive,0.6167662143707275,80,neutral,0.9998897314071656,39.19041599147022,27.41491698543541,neutral,0.6237707734107971,229.98099998221733
Why does everything need a #remake?  Enjoy the #classics!  #BeautyandtheBeast #TheBradyBunch,neutral,positive,0.8521348237991333,92,negative,0.999843955039978,38.92283301684074,29.062624991638582,neutral,0.5627234578132629,232.67929098801687
"Brexit has started the disintegration of the EU, Italy&#39;s Europe minister says - -  - The populist ...",negative,negative,0.7870467305183411,105,neutral,0.999943733215332,38.07512499042787,38.1007079849951,negative,0.5887595415115356,229.79550002492033
Conflicts are only 1 of many issues facing racist/sexist/abusive/narcissistic despicable Trump. He also violated US…,negative,negative,0.9213006496429444,116,neutral,0.9421333074569702,40.2199579984881,30.733624997083098,negative,0.946069598197937,226.1443340103142
"The Kelly File Special Nov 25, 2016 The Trump Transition ; Panel on Trump Cabinet Controversy: via @user",neutral,neutral,0.96497905254364,104,positive,0.9997592568397522,37.880250019952655,27.65958401141688,neutral,0.939845323562622,224.6181670052465
The Democrats are behind the Anti Trump protests that turn into Riots.There Parents must be pleased with how they raised there Children.,negative,negative,0.704569399356842,136,neutral,0.569820761680603,35.52495798794553,29.544124990934503,negative,0.9025493860244752,230.22395797306672
Trump says to #draintheswamp but fills his cabinet with fucking Swamp Things,negative,negative,0.9124777913093568,76,negative,0.999997854232788,42.695125011960045,25.027583993505687,negative,0.9418548941612244,221.55529202427715
"white supremacists?  alt-right?  They're fucking Nazi scumbags, or as I like to call them ""anti-american shit-stain…",negative,negative,0.9427569508552552,116,negative,0.9999643564224244,42.77412500232458,36.55491600511595,negative,0.9698039293289183,240.82783400081095
Booty Baby Ari#ArianaGrande #PrincessAri #bootybaby #DangerousWomanTour #DangerousWoman…,neutral,neutral,0.7158423066139221,88,positive,0.9999972581863404,38.36558401235379,30.689125007484108,neutral,0.9552046060562134,233.046875015134
75 percent of #Trump voters want to accelerate the growth of #clean #energy. #frackinghttps://t.co/LGmdweMk8q,neutral,positive,0.6618854403495789,109,neutral,0.9999117851257324,43.85854199063033,39.86616700422019,neutral,0.760757565498352,256.8366250197869
@user and @user desperately trying to create brexit anxiety. Best to ignore mainstream media and laugh them off for what they are.,negative,negative,0.8680638670921326,130,positive,0.9979227185249328,37.68479198333807,29.682583000976592,negative,0.7398778796195984,231.5867499855813
New All Party Parliamentary Group on Vegetarianism & #Veganism to discuss the impact of #Brexit Tues 3pm,neutral,neutral,0.8964804410934448,104,neutral,0.9999780654907228,37.74274999159388,29.52645902405493,neutral,0.9461642503738404,231.4165419957135
"Link in bio - Come on The Walking Dead, get it together. #TheWalkingDead",positive,positive,0.5699442028999329,72,neutral,0.9844483137130736,40.098041004966944,27.053833997342736,neutral,0.6888117790222168,227.67879199818708
Using #homeopathy to heal #PneumoniaInDogs is quick & economical #NaturalDogs #HolisticDogs,neutral,positive,0.6281933188438416,91,negative,0.9928879141807556,39.430542004993185,29.98812499572523,neutral,0.6218191981315613,231.93820798769593
Do you think the Trump administration will construct a wall on the Mexican border?,neutral,neutral,0.8941523432731628,82,negative,0.827840268611908,40.42491602012888,24.91529201506637,neutral,0.883159339427948,218.33250002237037
Dear President Trump I think you should mak Dr. Ben Carson assign to your cabinet as the US Surgeon  General instead of HUD.,neutral,neutral,0.8394858837127686,124,neutral,0.7231935858726501,39.741584012517706,28.469833021517843,neutral,0.7426867485046387,233.80054099834524
"@user tried to drink, but just allergies so I sat there congested and bored watching David Blaine",negative,negative,0.7334529757499695,97,positive,0.9999995231628418,38.448625011369586,27.83279199502431,negative,0.7756375074386597,225.9497919876594
@user Yikes! Turnbull Gov to introduce voter registration licenses. 😉,neutral,neutral,0.5621864795684814,69,positive,0.9999325275421144,42.68220899393782,21.770249994006008,neutral,0.5637156367301941,245.2036250033416
@user  My opinion-This is a ploy to make an agreement between her and Trump.  She won't protest if he won't prosecute.,neutral,negative,0.5501793026924133,118,positive,0.9999924898147584,36.7009159817826,35.72420799173415,neutral,0.6860906481742859,220.33708399976604
"$2 Mil a DAY to protect Trump et al, because Melania doesn't want to move to DC, & Trumpkins wants to ""go home""",negative,neutral,0.5379346013069153,111,neutral,0.999908208847046,37.52933398936875,35.56520800339058,negative,0.6858465075492859,244.6930420119315
@user only Marine le Pen seems pleased! Very concerning for Europe. Hope some heads start to really work in Brussels!,neutral,neutral,0.4034746587276459,117,positive,0.9999998807907104,37.61304201907478,27.858749992446977,negative,0.602728009223938,227.42024998296984
"@user Imagining a credible threat, can they force him to sit down for the briefing? ""Look son, some bad hombres wanna get you...""0",neutral,negative,0.7281453013420105,130,positive,0.9999828338623048,42.235834000166506,37.56329201860353,neutral,0.5513926148414612,251.0616250219755
Here's Obama legacy; we started his presidency with 3 wars and we end it with 7! & drone strikes; & Hillary wanted…,negative,negative,0.9000935554504395,115,neutral,0.997745931148529,37.757374986540526,28.834750002715737,negative,0.6488398313522339,223.6762499960605
Why are oral vaccines less common than injected vaccines even if it can induce both systemic and mucosal immunities?,negative,neutral,0.6781931519508362,116,negative,0.9997299313545228,37.73658300633542,29.331000027013943,neutral,0.7887278199195862,226.56795900547877
Happy Friday #sarahwaynecallies #prisonbreak #thewalkingdead #colonyusa,positive,positive,0.9514620304107666,71,positive,0.9999961853027344,40.72266700677574,27.998417004710063,positive,0.8053709864616394,224.7082079993561
"@user To each her/his own. Most Conservatives, I simply disagree with, some I distrust and a few I dispise. Pick your #poison",negative,negative,0.7449877262115479,125,positive,0.9999921321868896,40.886833012336865,36.16404099739157,negative,0.6970702409744263,244.42995799472556
"The thrill of seeing a wheelchair user in a movie doing boring, meaningless things that have nothing to do with euthanasia.",negative,negative,0.5739064812660217,123,positive,0.999997615814209,37.68420798587613,33.211749978363514,negative,0.4756074845790863,231.66566700092517
@user @user @user @user @user @user @user @user @user @user got a box of No.8 Maduro,neutral,neutral,0.8895022869110107,84,positive,0.9999992847442628,43.38862502481789,30.444250005530193,neutral,0.9461884498596193,334.3680410180241
This am my 8yo talks to me about 3D printing new airways for me. #hewillgoplaces #lovehimtopieces #TBM #justbreathe,positive,positive,0.8975053429603577,115,positive,0.9999990463256836,118.96154101123102,38.25266700005159,positive,0.8820570111274719,274.6652910136618
"True, the Obama Admin. Squashed the Tea Party movement, unprecedented behavior.",neutral,neutral,0.5776414275169373,79,neutral,0.9995025396347046,57.06958399969153,26.302042009774595,negative,0.7512370944023132,575.6717920012306
"@user @user @user @user @user That's the first step in Gov't ""Gun Control"" Eliminate access to Ammunition.",neutral,neutral,0.51534104347229,106,positive,0.999975085258484,45.6947089987807,29.15733298868872,negative,0.591021716594696,256.3935420184862
".@NavyFederal the ""killer honeymoon"" commercial is so insensitive-u have drone strikes missing 90% of targets-not too funny #liberty",negative,negative,0.9437761306762696,132,negative,0.9967856407165528,50.809542008209974,37.38249998423271,negative,0.9295420050621032,228.51475002244115
"Let's stop parsing.Just as #AltRight = Nazi, populist = anti-immigrant white supremacist. This is simple, irrefutable historical fact.",neutral,negative,0.6390812397003174,134,neutral,0.5213146805763245,48.43637501471676,39.0297909907531,negative,0.7563892006874084,223.3791249745991
See you kids tomorrow #blackfriday #blackweek #podesejogar #dobre #mordki #unitednations…,positive,neutral,0.6698845624923706,89,positive,0.999953031539917,38.6816669779364,29.351750010391697,neutral,0.5408980846405029,225.71387499920093
White-collar supremacy is CODE used by liberal fascists for People who Work for Living in a Real Job #pjnet #trump #tcot #UniteBlue #p2,negative,negative,0.8009269833564758,135,neutral,0.9965543746948242,48.4260419907514,38.79766701720655,negative,0.7087200880050659,246.63750000763685
I need a back massage,neutral,neutral,0.4757366478443146,21,neutral,0.9998364448547364,47.964957979274914,19.784709002124146,neutral,0.7878910303115845,237.54120798548684
Okay but many alt rightists worship HitlerYou people can't keep pretending they aren't Third Reich 2.0,negative,negative,0.8476431369781494,102,positive,0.9346083402633668,41.652874991996214,27.84262501518242,negative,0.9320946931838988,230.37591599859297
#Tigers #Memorabilia 2013 DETROIT TIGERS TICKET LOT OF 3 vs WHITE SOX CABRERA VERLANDER VGC L@@K! #Vintage #Sports,positive,neutral,0.857361376285553,114,neutral,0.9127622246742249,45.23933300515637,30.477042018901557,neutral,0.9535858631134032,252.54329200834036
BEN 'THE SENSATION' HALL v CARSON JONES - OFFICIAL WEIGH IN & FACE OFF V...,neutral,neutral,0.9299898743629456,75,neutral,0.999755322933197,65.95479199313559,26.870875008171424,neutral,0.9230383038520812,263.4774159814697
@user #GilmoreGirlsTop4 easy 2. Sookie 3. Emily 4. Luke,positive,neutral,0.8027429580688477,55,positive,0.9999985694885254,57.71929200273007,26.26312500797212,neutral,0.814617931842804,260.75958300498314
@user everyone in the country is worried about our presidency and you and your girl still whining about the cy young.shut up dude,negative,negative,0.8824085593223572,129,positive,0.9999940395355223,43.72920899186283,30.895291973138228,negative,0.8657503724098206,274.1083340079058
@user Thats not going to happen. The media will use him in an attempt to smear all conservatives. Spencer will relish in it.,negative,negative,0.7797739505767822,124,positive,0.999968647956848,44.03333298978396,30.208167008822784,negative,0.6231157779693604,251.4793750015087
"@user Sadly, this is how Steve Bannon sees all Jews.",negative,negative,0.9044362306594848,52,positive,0.9967617392539978,46.25162499723956,21.19458300876431,negative,0.8973115086555481,255.70808397606015
"Ben Shapiro on Steve Bannon, the alt-right, and how they're using Trump while he's too stupid to see it. #FuckTrump",negative,negative,0.8444554209709167,115,neutral,0.99826979637146,37.78287500608712,39.828708017012104,negative,0.9097111225128174,236.7708749952726
And Melania didn't plagiarize her speech either,neutral,neutral,0.5692729949951172,47,negative,0.99994957447052,44.726874999469146,21.59187497454695,neutral,0.7912481427192688,248.32645899732597
"Oh right, I have to save up $60 by February if I wanna get Persona 5.",neutral,neutral,0.6145057678222656,69,neutral,0.9998564720153807,47.03166699619032,26.432624988956377,neutral,0.7859811186790466,233.32883400144055
@user #CapitalistArmy #MemeWars Michael Moore's Twitter page is MMFlint.,neutral,neutral,0.6722550988197327,72,positive,0.9999942779541016,40.735832997597754,28.688124992186204,neutral,0.9037459492683412,229.81254101614468
"If the Community Spouse Dies Before the #Medicaid Recipient, Can #Medicaid Collect from the - via @user",neutral,neutral,0.9045578241348268,103,positive,0.9948338270187378,48.464916995726526,29.20562497456558,neutral,0.840354859828949,228.51379198255017
@user @user I'm retiring from twitter,negative,neutral,0.5407919883728027,37,positive,0.9999945163726808,46.076833008555695,20.502125000348315,neutral,0.7874478101730347,238.67500000051223
@user @user Someone didn't just ask you that lol. Tommy Why would you be happy with any race doing a crime. The Liberals need bed🤗,negative,negative,0.7317139506340027,130,negative,0.8166640996932983,51.81612499291077,36.196834000293165,negative,0.8087167739868164,245.4385829914827
"Fake news, Election Day hacks, Wikileaks, Comey, Russia, Jill Stein, Gary Johnson, etc. are all to blame, but Clinton herself, isn’t.",negative,negative,0.8706530332565308,133,neutral,0.7025135159492493,46.107166999718174,39.73700001370162,negative,0.6823753118515015,246.27745797624812
It's a good day to watch #ThisIsUs and #Insecure,positive,positive,0.9625192284584044,48,positive,0.9999493360519408,43.623708974337205,26.019457989605144,positive,0.9596349000930786,221.1486670130398
"I  just want to move to LA, work a minimum wage job. Make clothes and paint all day. Do some community organizing. Start a modeling career.",neutral,neutral,0.5849475264549255,139,neutral,0.9999980926513672,47.876291995635256,35.338499990757555,neutral,0.6625468134880066,246.9647499965504
"I dunno, from my porch view of Europe, there is certainly creeping unease, Baltics, Scandi, rightists in FR, IT, AU…",negative,negative,0.5896276831626892,116,neutral,0.999955415725708,47.526624985039234,37.92804197291843,neutral,0.5416750907897949,244.2472499969881
Watch Tesla Model S P85D’s instant speed avoid a potential rear-end collision,positive,neutral,0.7904877066612244,77,positive,0.9065881967544556,46.08241599635221,28.45162499579601,positive,0.6114333868026733,226.73875000327823
"Positive news - #France to enforce labeling of products produced in illegal #settlements, etc.: #Palestine #Israel",positive,positive,0.579635500907898,114,neutral,0.9741538166999816,62.81212501926347,36.56837501330301,positive,0.601912796497345,230.59312501573004
@user Direct Contact! Tell the Electoral College why they must invoke Emergency Safety Measures #NotMyPresident,neutral,negative,0.7708795070648193,111,positive,0.9999886751174928,79.23283299896866,39.86458299914375,negative,0.6719332337379456,226.21083399280903
This is by far the most clear-eyed WH appraisal of Obamacare's problems that we've seen. That's encouraging.,neutral,positive,0.9069290161132812,108,negative,0.9464371800422668,121.09000000054948,38.261499983491376,positive,0.8225747346878052,233.20908399182372
@user UN SecurityCouncil to vote on a resolution for a 7day ceasefire in northern Syrian city of Aleppo&unhindered humanitarian aid access,neutral,neutral,0.8461300134658813,138,positive,0.9994320273399352,110.98029199638404,36.16462499485351,neutral,0.9325491786003112,233.42641699127853
I'm starting to like the cowboys without Tony Romo,neutral,neutral,0.5081912279129028,50,positive,0.9995654225349426,138.0677499982994,22.163000016007572,positive,0.5108849406242371,239.6532080019824
Its getting really hard to not spoil Persona 5 for myself,neutral,negative,0.6815887093544006,57,negative,0.9998985528945924,152.19720799359493,20.11029201094061,neutral,0.6621915698051453,242.0787499868311
@user I just had a shawarma sandwich and I say forget vegetarianism,neutral,neutral,0.5903968811035156,67,positive,0.9999988079071044,92.14679099386558,25.54425000562333,neutral,0.6203387975692749,224.56470900215209
Trump hit by media for choosing billionaires for Cabinet - Member of transition team Anthony Scaramucci weighs ...,negative,neutral,0.8813273906707764,114,neutral,0.9998795986175536,52.348583994898945,28.21962500456721,neutral,0.6552250385284424,227.75120800361037
‘Pay-to-Play at Its Rawest’: Critics Blast Trump’s Connections to Dakota Pipeline Companyhttps://t.co/uNdc2Cq0N7#uniteblue #notmypresident,negative,negative,0.6601308584213257,138,neutral,0.9999721050262452,68.95675000851043,45.70929199689999,negative,0.8215636610984802,257.0331659808289
Neymar Jr leads the #UCL for assists - seven so far. We've got plenty more stats where that came from:…,neutral,positive,0.4986628293991089,103,positive,0.7991008162498474,90.99558301386423,30.00850000535138,positive,0.8045763373374939,228.49895802210085
I liked a @user video Nintendo Gay Marriage: Last Week Tonight with John Oliver (HBO),positive,positive,0.9152583479881288,85,positive,0.9999971389770508,70.29245799640194,26.377417001640424,positive,0.9741294980049132,225.2101250051055
Here's some @user data on the partisan divide separating Dem and Rep views of Putin and Russia's role in the…,negative,neutral,0.9250230193138124,109,positive,0.9999986886978148,63.50758401094936,30.022624996490777,neutral,0.8617804646492004,227.4390420061536
Hey Guys! Next month I'm going to Korea in My Mother to spend Christmas vacation there and I'm so excited!!! #korea #onedirection #me,positive,positive,0.988336980342865,133,positive,0.9721518754959106,59.63933398015797,38.00479101482779,positive,0.9895209074020386,254.3794160010293
its always valentines with this one #BabySelcaDay,neutral,positive,0.8379346132278442,49,neutral,0.9965617060661316,53.60845898394473,21.998124982928857,neutral,0.7919642329216003,242.23970898310657
@user Where are you getting that? Medicare is not guaranteed to be funded beyond 2030. And it sucks NOW.,negative,negative,0.9391470551490784,104,negative,0.9533470869064332,37.890750012593344,27.376375015592203,negative,0.8960856199264526,226.34808300063017
Dalai Lama and Pope Francis said it is wrong to identify Islam with violence/terrorism coz no religion can be relate with violence/terrorism,neutral,negative,0.7158157825469971,140,negative,0.99988055229187,49.20745801064186,30.275165976490825,negative,0.5139043927192688,229.25412500626408
@user @user @user So much for her preaching to Trump to accept the outcome 🙄 & peaceful transition of power.,neutral,negative,0.6198919415473938,108,positive,0.9999858140945436,42.48324999934994,28.51520897820592,negative,0.6111021041870117,230.7057080033701
"Steve Bannon - its okay for straights to call lgbt ""gay, fag**t, and qu**r""... anyone who comes to me saying that gon catch these hands 👊💥 👊",negative,negative,0.8007587790489197,140,positive,0.6255303621292114,43.29550001421012,39.39070898923091,negative,0.8514312505722046,250.8717919990886
.@poroshenko's administration says the European Union is to give #Ukraine more money for anticorruption and reform…,neutral,neutral,0.8985667824745178,115,neutral,0.9999799728393556,40.2866670046933,29.030042001977563,neutral,0.828054666519165,227.1425829967484
"The Kind Diet, a very interesting read so far! A look into vegetarianism and veganism 🐄🐷🐑",positive,positive,0.9711493849754332,89,positive,1.0,55.77949999133125,27.721499995095655,positive,0.9841157793998718,225.96970800077543
Tesla’s autopilot model highlights the dangers of self-driving cars and potential flaws in engineering.,neutral,negative,0.8375353217124939,103,neutral,0.9019162654876708,91.71608401811682,27.617332991212606,negative,0.7061406970024109,228.11112500494343
Caught on camera: 3 Muslims seem to start fire outside a Jewish village near #Jerusalem...,negative,negative,0.6360049247741699,90,neutral,0.9992831349372864,90.14966699760409,28.703832998871803,negative,0.7285899519920349,224.44749998976476
VAMOS #LM10 No one can hold you down. If you really want it.Just steal your destiny.Right from the hands of fate🙌…,positive,positive,0.6953662633895874,114,neutral,0.9999250173568726,79.20329199987464,37.22104200278409,positive,0.667730987071991,245.3709169931244
"35 years ago, Rollie Fingers wins the AL Cy Young and MVP awards - becoming the first ever baseball reliever to win…",positive,positive,0.7161609530448914,116,positive,0.9999983310699464,53.51504200370982,29.21087501454167,positive,0.7190260887145996,227.8150000202004
@user @user Because Muhammad Ali knew in 1977 that some midget named Lionel Messi would exist,neutral,neutral,0.683721125125885,93,positive,0.9999988079071044,44.14704197552055,26.8524170096498,neutral,0.8621446490287781,225.76041700085625
"Watch her discuss her plans for Florida, which will include marine conservation, gun control, and closing the wage gap!",neutral,positive,0.5307512879371643,119,neutral,0.9999951124191284,45.64779199426994,26.82566602015868,neutral,0.7355217933654785,228.73370902379975
What is it with the Alt-Right Nazi-squad disliking Romney? Get over it.,negative,negative,0.8727594017982483,71,neutral,0.9999672174453736,39.9402919865679,27.792417007731274,negative,0.8939960598945618,220.2673749998212
"Awesome, baby!",positive,positive,0.9864552021026612,14,positive,0.9999992847442628,48.74133298289962,18.459917017025873,positive,0.981988787651062,235.57258301298137
@user @user @user @user many didn't vote GOP because they wanted a plan for social security and jobs.,neutral,negative,0.5063124299049377,101,positive,0.9999986886978148,42.52337498473935,29.22812500037253,neutral,0.507723331451416,225.8154590090271
Top story: TekUniverse Slashes Prices On The DreamCreator 3D Printing Pen For T… see more,positive,neutral,0.7812613844871521,89,neutral,0.999919891357422,43.700375012122095,27.26387500297278,neutral,0.8372806906700134,228.4111250191927
No respite' from Israeli violence against Palestinian children #gaza #palestine #israel #BDS #jerusalem,negative,negative,0.9141131639480592,103,neutral,0.9513187408447266,42.06987499492243,27.026333002140746,negative,0.8966812491416931,226.4465840125922
Donald Trump should get Petr Cech to be the wall on the Mexican border. Nothing would get through.,neutral,negative,0.6629651188850403,98,positive,0.5979233980178833,42.34370798803866,27.808124985313043,neutral,0.6907305717468262,226.59674999886192
#the sensitive naked man sexy girls in boys clothes galleries cristiano ronaldo nude pics,neutral,neutral,0.8476029634475708,89,negative,0.9999682903289796,46.09524999978021,27.74779198807664,neutral,0.9018747806549072,225.229333009338
#RickyMartin ft. #Maluma new entry on @user @user w/ #VentePaCa  #latinhits…,neutral,neutral,0.9330649971961976,76,positive,0.9999758005142212,39.98583400971256,30.66295900498517,neutral,0.9605777263641356,224.1304589842912
I'm gonna write a book based on Jigsaw capturing David Blaine lmao everyone's gonna h8 it,neutral,positive,0.4687684774398803,89,negative,0.9095479846000672,40.085499989800155,31.46216701134108,neutral,0.5863053798675537,230.1433339889627
. @user retweets anti-Semitic remark,negative,negative,0.7372178435325623,36,positive,0.999979853630066,44.96291599934921,20.584083016728982,negative,0.8106153011322021,237.5576659978833
Leonard Cohen on Kurt Cobain’s Nirvana lyric name-check: ‘I’m sorry I couldn’t have spoken to the young man’,neutral,negative,0.5317289233207703,108,negative,0.9960632920265198,49.52866697567515,30.2885000128299,neutral,0.6990211009979248,229.8859170114156
** Black Friday News **Trump win helps Le Pin in France?Trump transition reportGiuliani or Romney?Aretha sings!https://t.co/usyDFCzONv,neutral,positive,0.5577027797698975,134,positive,0.8943459391593933,48.81104198284447,41.4142920053564,neutral,0.7495700120925903,251.1565419845283
Phrenology meets deep learning. Precog here we come. If we could apply the test to all politicians & CEOs...https://t.co/xNywkS60Yd,neutral,neutral,0.6479366421699524,131,positive,0.9979327917099,49.12920799688436,39.121959009207785,neutral,0.7400429248809814,248.42033299501057
What the right wing press have dug up about the Brexit Supreme Court judges,neutral,neutral,0.679603099822998,75,neutral,0.9836238622665404,42.91462499531917,24.882541998522356,neutral,0.6190516948699951,223.1531670258846
Chinese websites block searches for ‘Fatty Kim the Third’,neutral,neutral,0.5850328207015991,57,neutral,0.9873418211936952,46.610666991909966,21.224083000561222,neutral,0.6184322237968445,239.44041700451635
"Despite their rocky history, @user has joined the #LinuxFoundation as a platinum member",neutral,positive,0.7809946537017822,87,negative,0.9991980195045472,45.751958998152986,26.26220800448209,neutral,0.6917043924331665,224.88958298345096
.@Liz_Wheeler @user voter suppression very real in WI per higher court injunction. Keep up. Secretary Clinton did not request recount.,neutral,negative,0.787521243095398,134,positive,0.9674327969551086,40.44224999961443,30.38512499188073,negative,0.5914360880851746,232.17970901168883
#isis France Foils ISIS Attack Planned for Next Week: Prosecutor -,neutral,neutral,0.5308629274368286,66,positive,0.9685162901878356,45.49899999983609,21.297540981322527,neutral,0.6338474154472351,222.92291600024328
"@user Yeah, Key made it look easy. Also see, gay marriage: Turnbull believes the same things as Key, but is in all sorts of trouble",neutral,neutral,0.5091508030891418,131,positive,0.9998130202293396,47.16504100360907,35.461499996017665,neutral,0.5321899652481079,240.59116700664163
Top Reasons Why You Should Visit Israel - Voyager @user #Israel #Travel #Vacation #FamilyTravel #Jerusalem,neutral,positive,0.697852373123169,106,positive,0.987848162651062,58.53629097691737,27.208083018194884,positive,0.7015826106071472,226.80870900512673
"Dear NO voters, are you celebrating your victory? So are Nigel Farage and Marine Le Pen. Enjoy the lovely company. #ItalyReferendum",negative,positive,0.9320959448814392,131,negative,0.955450177192688,43.34249999374151,34.97820801567286,positive,0.721137523651123,230.70404201280328
We'll be featured in 3 magazines in a couple of months. Which pic should we use? #Vote #MDwine #BeautyAndTheBeast,positive,neutral,0.714838445186615,113,neutral,0.9999765157699584,40.272749989526346,35.197540972149,neutral,0.8132135272026062,223.4526249812916
@user hope you truly enjoyed your ride in our #Tesla model S today! #ev #cleanair #London,positive,positive,0.9831825494766236,89,positive,0.9999998807907104,42.521791998296976,27.443917002528902,positive,0.9912863373756408,225.69650001241823
"Draining the swamp, Part IITrump Stock In Dakota Access Oil Pipeline Raises Questions via @user",neutral,neutral,0.6716210842132568,95,positive,0.9999746084213256,41.12858301959932,26.79808301036246,neutral,0.6555903553962708,228.5773329786025
Just don't let @user within arm's reach of Sophie.,negative,neutral,0.6503309011459351,50,positive,0.9999650716781616,46.041499997954816,24.78987499489449,neutral,0.5198519825935364,230.3760840150062
Appreciating Bob Dylan right now. I love my dad haha,positive,positive,0.9868552088737488,52,positive,1.0,46.84850000194274,25.088416994549338,positive,0.993614912033081,252.212999999756
Love has no LabelsAmerican Deaf Hearing peopleWars. GAY MARRIAGE straight.Military jobs. Family.House. moneyFlow. Hard work,neutral,neutral,0.6657652854919434,123,negative,0.9995469450950624,62.75337500846945,30.069625005126,neutral,0.6462040543556213,234.71916699782017
"today marks 10 yrs since the tragic shooting of Sean Bell. here's a song I co-wrote & produced ""Got No Love""…",neutral,neutral,0.5421503782272339,109,positive,0.9999995231628418,45.55520898429677,29.87483300967142,negative,0.5448240041732788,242.2226659837179
"So Fidel is dead, but can someone enlighten me as to what's next?? Venezuelans rejoiced when Chavez died, but Maduro's just as bad/worse.",neutral,negative,0.8704230189323425,137,negative,0.9999877214431764,47.69241699250415,39.53137501957826,negative,0.7671162486076355,243.80737502360716
Comey still must go!,neutral,negative,0.6930670142173767,20,positive,0.9107930660247804,49.60258398205042,19.020334002561867,negative,0.6844460964202881,238.60816701198928
"🚨It's about time💥Dana Milbank: Time For Pelosi, Senior Democrats to Step Down via @user",neutral,neutral,0.7675129771232605,87,positive,0.8781758546829224,49.25329200341366,27.086459012934935,neutral,0.6057405471801758,226.65699999197383
@user Marine Le Pen should win France,positive,neutral,0.6063311100006104,37,positive,0.9999977350234984,49.08875000546686,20.5475410039071,neutral,0.712169885635376,237.57079200004227
Donald Trump Owns a Stake in the Dakota Access Pipeline  #TrumpDirtyMoney #DakotaAccessPipeline,neutral,negative,0.6536373496055603,95,neutral,0.9999626874923706,43.25925000011921,29.231458000140265,neutral,0.5381209254264832,230.6754580058623
donald trump bad hombres,negative,negative,0.7411437630653381,24,negative,0.9946596026420592,54.36508299317211,20.1832500169985,negative,0.92702978849411,238.40070798178203
"@user Immigration to other places due to ruin of the money, money transfers to clients by the state, price controls, state theft.",negative,negative,0.775364875793457,129,positive,0.767363429069519,43.68833400076255,31.346333009423688,negative,0.8846478462219238,228.1895419873763
Just seen #FantasticBeasts #IMAX it's like #PokemonGO only pretend.,neutral,neutral,0.4418333768844604,67,negative,0.7188047766685486,42.311333992984146,28.882042010081932,neutral,0.4905150532722473,225.76674999436364
@user @user #TRUMPTRANSITIONTEAM ALL WITH HISTORY OF ANTISEMITISM AND SUCH...,negative,negative,0.7285691499710083,77,positive,0.999996781349182,44.68362499028444,28.31274998607114,negative,0.6379594206809998,232.58333298144865
@user @user How do you explain this?,negative,neutral,0.8984955549240112,36,positive,0.9997023940086364,46.0869160015136,20.61141701415181,neutral,0.7745611667633057,235.93749999417923
saw david beckham on david blaine's tv special and i had to bite down so hard to stop me from screaming daddy,positive,positive,0.5535826086997986,109,negative,0.999062478542328,42.774499976076186,28.493749996414408,neutral,0.5257272124290466,232.02579200733453
"sickening #YPG /PKK alliance with #Hezbollah terrorists, yet #US still arms YPG to the teeth and even support them with Special forces #fail",negative,negative,0.9205299615859984,140,positive,0.9999995231628418,48.31345900311135,36.24279101495631,negative,0.9353240132331848,247.29854200268164
@user Newsweek & Saakashvili's handler Bruce Jackson answering 2 same Washington-based globalists? 18'30'',neutral,neutral,0.9168990850448608,106,positive,0.9999988079071044,41.506290988763794,29.42662499845028,neutral,0.914317786693573,231.52008300530724
"NHMRC releases statement and advice on homeopathy, Australia",neutral,neutral,0.9487345218658448,60,positive,0.9999970197677612,43.836249999003485,20.8574169955682,neutral,0.956108808517456,241.70212500030175
"I'm 34, what social security? My generation and younger are fucked. Thanks to Baby Booming assholes.",negative,negative,0.9517419934272766,100,positive,0.9999955892562866,41.138790984405205,27.696000004652888,negative,0.949364960193634,229.4670419942122
Ahmed lost his home to IS. #MosulOffensive,neutral,negative,0.6810222268104553,42,neutral,0.999777853488922,45.55191699182615,21.019250008976087,negative,0.8426692485809326,243.51337499683723
Column: The #UnitedNations’ #Palestinian refugee industry #UNRWA,neutral,neutral,0.9232859015464784,64,positive,0.9962726831436156,46.282874973258,25.29320798930712,neutral,0.7454834580421448,224.93424999993297
Malak al-Khatib: Symbol of Palestinian childhood denied via @user #gaza #palestine #israel #BDS #jerusalem,neutral,negative,0.7075048685073853,106,positive,0.9999988079071044,49.296499986667186,29.57162499660626,neutral,0.5353617668151855,230.22304201731455
"@user @user compare total votes in a sample of precincts to census, voter registration lists & publicly available data",neutral,neutral,0.9285285472869872,118,positive,0.9999991655349731,42.63787501258776,28.28370899078436,neutral,0.9485239386558532,227.03520898357965
"@user If Sox fans AND the actual org. are going to build an identity around hating the Cubs, then I'll give it right back.",neutral,negative,0.7324487566947937,122,positive,0.9999282360076904,39.67641701456159,29.617124993819743,negative,0.657898485660553,221.99504100717604
#Tipp  World of Fishing: 5 Euro Rabatt gewinnen: Um euer Equipment in World of Fishing…,neutral,neutral,0.9243208169937134,87,positive,0.9934096336364746,41.661082999780774,28.22587499395013,neutral,0.8812512755393982,230.7222500094213
@user Asking for identification isn't voter suppression.,neutral,neutral,0.6465551257133484,56,positive,0.9049458503723145,43.52270800154656,21.339124999940395,neutral,0.5725204348564148,241.26062498544343
THE GREAT WALL OF ISRAEL #gaza #palestine #israel #BDS #apartheid #jerusalem,neutral,negative,0.5277135968208313,76,positive,0.9999779462814332,42.25166601827368,25.756374991033223,neutral,0.5677304863929749,228.19933301070705
"@user an outdtanding PM who has provided stability, a surplus, some of best growth stats in OECD, & supported gay marriage #respect",positive,positive,0.8904964327812195,131,positive,0.9999997615814208,42.427790991496295,35.64345801714808,positive,0.904752790927887,241.19850000715817
Flashback Friday 5 years ago Nov 2011 Disneys Beauty and the Beast @user #FlashbackFriday #BeautyAndTheBeast,neutral,neutral,0.5005913972854614,108,positive,0.9999037981033324,43.21033298037946,28.731875005178154,neutral,0.9312821626663208,229.42387498915195
Medicare is more cost-effective than private insurers and could serve as the foundation for a single-payer system.,positive,positive,0.7007633447647095,114,neutral,0.9997689127922058,40.81733399652876,28.104583005188033,positive,0.7483880519866943,229.12008300772868
8 Dangerous Side Effects of Fracking That the Industry Doesn't Want You to Hear About | Alternethttps://t.co/NknAwg0MV4,neutral,negative,0.7321930527687073,119,neutral,0.9999991655349731,47.83291698549874,37.22866700263694,negative,0.7749513983726501,247.65249999472871
"@user @user @user UK great Antoine Walker on if his 96' team could stop Bam: ""Ask Tim Duncan about us.""#BBN",neutral,neutral,0.8449859619140625,107,positive,0.9999998807907104,45.90300002018921,36.62870900006965,neutral,0.9531462788581848,248.07412500376813
@user And looking at what homeopathy IS should be enough to dismiss it out of hand. Chemistry just does not work the way they claim.,negative,negative,0.6947323679924011,132,negative,0.9998540878295898,40.40362499654293,29.087792005157095,negative,0.7574015855789185,232.76345801423304
Now i know why they are raving about this show! #thisisus,positive,neutral,0.4745082855224609,57,negative,0.999723255634308,45.178082975326106,24.914959009038284,positive,0.8582920432090759,221.36749999481253
"@user @user wow!! How awful! I thought this was next because of transgender acceptance, not gay marriage.  Great video! #pizzagate",neutral,negative,0.908174693584442,130,positive,0.9999995231628418,47.39208301180042,30.00779202557169,negative,0.8681538105010986,224.15875000297092
@user we'll miss you in Seattle! Especially when you win your NL Cy Young award!,positive,positive,0.9449732899665833,80,positive,0.9999996423721312,46.39716699603014,26.958041999023408,positive,0.8554375767707825,233.80691598868
#Butterball Turkey Shareholder Investigated for Ties to #Hezbollah  #terrorist #pig #revokecitizenship,neutral,negative,0.7896556854248047,102,negative,0.4877304136753082,44.17554201791063,28.944874997250736,negative,0.8345138430595398,230.8007079991512
Avail #service of an #Immigration #Consultant for Immigrationhttps://t.co/fZeCbmWhxc,neutral,neutral,0.8554122447967529,84,positive,0.9999984502792358,43.06162500870414,28.73150000232272,neutral,0.9154958724975586,230.05608402309008
Saakashvili followed Savchenko has passed a drug test live: #news #Russia,neutral,neutral,0.9254723191261292,73,positive,0.9944674968719482,46.139457990648225,27.04129202174954,neutral,0.9018681049346924,218.75241701491177
"The @user host Atlanta tonight. Don't be the fan who shows up at halftime, the game tips at 6p.",neutral,neutral,0.8416004776954651,95,positive,0.9999960660934448,40.57291700155474,29.153167008189484,neutral,0.7460021376609802,226.31624998757616
The crazy thing is so many white leftists believe this bullshit,negative,negative,0.8804388046264648,63,negative,0.9999767541885376,44.9757500027772,20.947332988725975,negative,0.9222925901412964,239.90754201076925
Was Muhammad Ali A Prophet Or A Phony?CLICK HERE #IsraelunitedinChrist #Israel #Israelites #Blacktwitter,neutral,neutral,0.8937891721725464,104,neutral,0.9967807531356812,42.770625004777685,30.69404198322445,neutral,0.8677200675010681,231.56383400782943
"Jill's supporters, they report more fake new reports. I feel it is to destroy credit if anything is there w/Soros",negative,negative,0.8127495646476746,113,negative,0.9991068243980408,43.00216698902659,27.83370899851434,negative,0.6578038930892944,233.9960419922136
RIP castro the Hero.and fuck liberals ✌,negative,negative,0.8777788877487183,39,neutral,0.999036431312561,46.74512500059791,21.662124985596165,negative,0.8867025971412659,239.5020829862915
One thing I can't stand is this anti-Japan Korean slimy NGO Human Rights Watch funded by George Soros exploits Hiro…,negative,negative,0.9213775396347046,116,neutral,0.8165480494499207,41.710958001203835,30.32491699559614,negative,0.938384771347046,231.62549998960455
"@user says ""In 2007 The #UnitedStates of #America voted the wrong way on genocide in the #UnitedNations """,neutral,negative,0.7705134749412537,105,positive,0.9998598098754884,41.94079199805856,28.781666012946516,negative,0.7510910630226135,228.1450419977773
Apple nabs obscene share of smartphone profit thanks to Samsung's Note 7 debacle - MarketWatch | #galaxyNote7 #Not…,negative,negative,0.5140593647956848,115,positive,0.9999994039535522,41.06866600341163,51.05683297733776,neutral,0.5983046889305115,233.7201249902137
Fracking Banned in City of Frostburg Through Existing Legislation – The Bottom Line News,neutral,neutral,0.7513670325279236,88,neutral,0.9999061822891236,47.42595899733715,93.61166600137948,neutral,0.8434933423995972,225.2369589987211
I think my boss and her family just won the #mannequinchallenge.,positive,positive,0.6505275964736938,64,neutral,0.9997923970222472,46.44783301046118,27.704792009899393,positive,0.9717562198638916,224.5337080094032
I think @user character on #ThisIsUs is probably one of the best dads ever on a tv show.,positive,positive,0.9849441647529602,88,positive,0.9999822378158568,40.99649999989197,28.309125016676266,positive,0.9867796897888184,225.9638750110753
Y'all are surprised Kanye's brain broke?! David Blaine is a fucking DEMON YO!!!,negative,negative,0.9368133544921876,79,negative,0.9998503923416138,41.04737500892952,27.43720801663585,negative,0.9504641890525818,228.5826249863021
"""Kim Fatty the Third""",negative,neutral,0.8497322797775269,21,neutral,0.9377093315124512,48.84925001533702,18.763291009236127,neutral,0.9108319282531738,238.16537501988932
The defense of the US elections from the Obama Admin came amidst hacking fears & allegations of hacking from Russi…,neutral,neutral,0.5595427751541138,115,neutral,0.9999784231185912,39.333125023404136,29.33762499014847,neutral,0.6778932213783264,230.2935830084607
Actually bWAR does an adjustment for defense I think. Not a very good one. That was the essence of the Verlander/Porcello debate.,negative,negative,0.7245645523071289,129,negative,0.7224227786064148,46.48670900496654,36.36866598390043,neutral,0.5846385359764099,229.11308400216512
"Ethics by Nielsen ratings! Was there already a @user episode about this, or am I thinking The Running Man?…",neutral,neutral,0.8687477111816406,107,positive,0.9999929666519164,44.0629170043394,28.46754199708812,neutral,0.9102981686592102,226.6946660238318
"When I'm in public and pull a pair of underwear out of my sweatshirt sleeve, I can't help but feel like David Blaine. #magic #static",positive,positive,0.7240192294120789,132,positive,0.7718260288238525,47.992083011195064,36.42179098096676,neutral,0.5210333466529846,240.76233297819272
My new pet#thewalkingdead,positive,positive,0.7351498603820801,25,neutral,0.5788266658782959,47.24745798739605,19.83558299252763,positive,0.5480232238769531,237.5285419984721
@user @user not only did he not say it. It was hard enough for american born people to avoid illegal voter suppression to vote,negative,negative,0.7129369378089905,126,negative,0.9565602540969848,42.46395800146274,28.182332986034453,negative,0.7032399773597717,228.85820901137777
I love my Cubs!,positive,positive,0.979009449481964,15,positive,0.9999995231628418,51.35837499983609,18.911416991613805,positive,0.9905782341957092,238.71137498645112
"All plots to kill Hitler came from Rightists: von Stauffenberg, Rommel...",neutral,negative,0.6233773827552795,73,neutral,0.9996727705001832,49.62112501380034,27.691541996318847,negative,0.5261351466178894,228.1856670160778
@user @user @user @user @user ummm vaccines have avoided over 700000 deaths since the nineties...,positive,neutral,0.6216177344322205,97,positive,0.9999992847442628,44.4687090057414,28.836957993917167,neutral,0.5960723757743835,230.662084009964
That's beautiful ❤ #BeautyAndTheBeast,positive,positive,0.9859517812728882,37,positive,0.9999997615814208,47.126541001489386,20.956709020538256,positive,0.985091507434845,237.51374997664243
#RaulCastro: #Cuban #government will not #allow to be named after #Fidel the street and put him monuments…,neutral,negative,0.6180374026298523,106,neutral,0.9800831079483032,43.36266699829139,28.55758398072794,neutral,0.5780351161956787,232.1944579889532
Microsoft HoloLens just pulled off a mixed reality #MannequinChallenge. #htcive #baofeng #psvr,neutral,positive,0.5793975591659546,94,neutral,0.829993724822998,41.39537498122081,29.55191698856652,positive,0.8914855718612671,234.2324999917764
"Potential for inhalable vaccines for influenza, pneumonia, with new approach",neutral,neutral,0.6388201713562012,76,positive,0.9988823533058168,45.02925000269897,21.472458000062034,neutral,0.5000530481338501,222.04620801494457
Our own #MannequinChallenge @user @user @user thank you Studio Halloum .FULL VERSION ON FACEBO…,positive,positive,0.9140962362289428,95,positive,0.9999988079071044,41.29366698907688,29.061250010272488,positive,0.8065434098243713,235.039457998937
@user Liberals having no knowledge of who their speaking to parroting what @user tells them. Here's what you…,negative,negative,0.793908417224884,109,positive,0.9999685287475586,40.60404101619497,28.01091701257974,negative,0.8106136918067932,227.29820798849687
@user @user put an embargo on FRANCE like you do other countries like Cuba,negative,negative,0.5927473306655884,74,positive,0.9995108842849731,46.04129202198237,25.66683301120065,negative,0.7088037133216858,224.5364169939421
"You got nothing to loose except your Retirement, SS, Medicare, Pensions, Healthcare, the right to vote. They voted GOP, need Mental Health",negative,negative,0.6367677450180054,138,negative,0.861325204372406,38.88633399037644,30.7972920127213,negative,0.5974599719047546,230.46233400236815
Arm urselves becuz no 1 else here will save u.My 71yo dark-skinned nonwhite mom's new gun 2 be ready 4 pick up on…,negative,neutral,0.5514007210731506,114,neutral,0.9984704852104188,48.12104100710712,38.47699999460019,neutral,0.7369977235794067,245.44016699655913
That Westworld finale was so good! Hoping we don't have to wait too long for Season 2...,positive,positive,0.980176568031311,88,positive,0.9999986886978148,40.279375010868534,27.26450000773184,positive,0.9872992634773254,226.46362500381656
#DnvrPolitics Minimum Wage,neutral,neutral,0.8147966265678406,26,neutral,0.997361958026886,48.70012501487509,19.666042004246265,neutral,0.9215255975723268,238.419207977131
1.  Emily Gilmore2.  Sookie3.  Lane's mother4.  Miss Patty #GilmoreGirlsTop4,neutral,neutral,0.8457191586494446,76,neutral,0.9999499320983888,43.072542001027614,28.41995799099095,neutral,0.8135761618614197,228.86025000480004
#Capture #ISIS  #Militants By #IraqiArmy Seen What Happened Next #Russia #USA #Syria #SyrianArmy #America,neutral,negative,0.6522147059440613,105,neutral,0.9999833106994628,46.255124994786456,28.926083992701024,neutral,0.7779911160469055,233.36395801743492
Late to this but incredible Trump/Bannon insight in this piece by @user via @user,positive,positive,0.7470130324363708,81,positive,0.9965918064117432,43.72320798574947,26.47808298934251,positive,0.7391541004180908,225.5533749994356
"@user @user Little early for valentines, but I'll take it! <3",positive,positive,0.9234515428543092,61,positive,0.9999988079071044,44.54254201846197,26.099666982190683,positive,0.8911100625991821,220.89641698403284
Do you think Michelle Obama wanted to smack Melania Trump for plagiarizing her convention speech? She has the arms for it.,neutral,neutral,0.6620518565177917,122,negative,0.999749481678009,39.82091700891033,28.460333996918052,negative,0.5056507587432861,225.63575001549907
Finally time to see #FantasticBeasts! Going with my dad cuz he loves #HarryPotter magic too and is the only series he's read in print 😍😍,positive,positive,0.9848045110702516,136,positive,0.991713047027588,48.71795800863765,36.90937501960434,positive,0.9884470105171204,243.5494590026792
"""Fatty Kim The Third"" 😭😭😭",neutral,neutral,0.4862523078918457,25,neutral,0.9789870381355286,46.03950001182966,19.78629099903628,neutral,0.9291485548019408,237.65354201896116
"Is #Ukraine headed for another revolution? #Saakashvili who resigned the Kiev govt because of corruption, thinks yes",neutral,negative,0.7245911359786987,116,neutral,0.985514998435974,43.946666992269456,28.827083006035537,neutral,0.5816734433174133,227.2377079934813
@user Happy Thanksgiving!,positive,positive,0.9821658730506896,25,positive,0.9999985694885254,47.647708997828886,18.65979199646972,positive,0.986478328704834,234.43449998740107
@user @user @user pesky nukes. Don't forget Trump skirted embargo in Cuba. Sad!,negative,negative,0.8666839599609375,79,positive,0.9999988079071044,44.89449999528006,28.944041987415403,negative,0.9129571318626404,229.9465000105556
@user @user that's dumb... the American ones do not handle the terrain as well,negative,negative,0.8943604230880737,78,positive,0.9991307854652404,55.29416701756418,26.355749985668808,negative,0.9397948384284972,225.30991601524877
first date dream: take me to an anti-trump protest,negative,neutral,0.7284694910049438,50,neutral,0.993935525417328,49.538791994564235,21.109416004037485,neutral,0.6120598316192627,241.83325000922196
Universal car mobile phone holder stand windshield mount holder for xiaomi note iphone 4s,neutral,neutral,0.6514167189598083,89,positive,0.9991067051887512,49.196292005945,25.046458991710097,neutral,0.8707727193832397,224.87654199358076
@user investigate a presidential transition.?  You really are a partisan hack.,negative,negative,0.9256824254989624,78,positive,0.9999732971191406,45.663541997782886,25.171916000545025,negative,0.8854319453239441,225.09266700944863
@user I would ask Verlander about that but he's blocked me I think,neutral,neutral,0.7405521273612976,66,positive,0.9999797344207764,46.17358298855834,26.15308298845775,neutral,0.7560058236122131,221.29933402175084
But remember the Clinton Foundation??,neutral,neutral,0.7272695899009705,37,neutral,0.9843591451644896,47.557041980326176,19.605415989644825,neutral,0.8636252284049988,235.3030829981435
Jill STEIN WHY YOU DO ME A FAVOR GO RECOUNT FIDEL CASTRO S  BALLS,negative,neutral,0.5840623378753662,65,negative,0.9999991655349731,42.117917007999495,25.584749993868172,neutral,0.8423139452934265,225.0482910021674
@user @user @user @user @user Honestly? Current day short haired 80s power businesswoman Megyn. So fine.,positive,positive,0.9061704874038696,104,positive,0.9999988079071044,43.53824999998323,28.54604198364541,neutral,0.5107610821723938,229.12362500210293
@user Grayson Allen is a better fit for you guys,positive,neutral,0.6404725909233093,48,positive,1.0,45.3427080065012,21.33283400326036,neutral,0.5652758479118347,240.2815420064144
"#tech #summary:  #tesla  #model s can be located,  #un #locked,  #stolen by manipulating  #tesla  #apps",negative,neutral,0.8074599504470825,103,neutral,0.999427318572998,49.2271660186816,29.213541012723,neutral,0.5823994278907776,234.93495900765993
😂😂😂😂 I was about to say shimmy Duncan because of tim Duncan but it ain't sound right,neutral,negative,0.5360386371612549,84,neutral,0.9967014193534852,43.2114580180496,26.34004197898321,neutral,0.6197640299797058,223.98316700127907
Thanksgiving was great and now today is second thanksgiving for me and my fam!,positive,positive,0.983574151992798,78,positive,0.999988317489624,45.53112501162104,25.202249991707504,positive,0.9922768473625184,222.89766700123437
Black firday saleHead commissionsPersona 5 HUD commissions (best if you get both for $2 extra),neutral,neutral,0.562725841999054,94,positive,0.997369647026062,40.46170899528079,30.715291999513283,neutral,0.5569619536399841,224.15745799662545
Lauren Graham Responds To Lin-Manuel Miranda's 'Gilmore Girls' tweet - beautiful!@fallonthornley @user,neutral,positive,0.8648648858070374,102,positive,0.9999988079071044,41.492082993499935,29.161332990042865,positive,0.9689869284629822,232.05245801364072
Join me in supporting Foster Campbell via @user #UniteBlue #LibCrib,neutral,positive,0.6756782531738281,67,positive,0.9999326467514038,45.4969999846071,26.44954199786298,positive,0.4985983967781067,227.33079199679196
Cristiano Ronaldo Workout Routine and Diet Plan,neutral,neutral,0.9220163226127625,47,neutral,0.9999024868011476,46.10966600012034,20.391790982102975,neutral,0.9676079154014589,238.58250002376735
James Harden is better than Cristiano Ronaldo,neutral,positive,0.5952776670455933,45,positive,0.9997615218162536,51.107624982250854,19.81166697805747,positive,0.8307615518569946,237.30329200043343
Why it's time for a rethink on flu vaccination #Immune System - Vaccines @user,neutral,neutral,0.9120128750801086,78,negative,0.9990774393081664,44.93837498011999,27.647791983326897,neutral,0.7911919355392456,227.10512499907057
( melania trump voice ) hello.,neutral,neutral,0.8062602281570435,30,neutral,0.9400307536125184,50.146124995080754,19.628665992058817,neutral,0.8960603475570679,239.08525001024827
@user The effects of voter suppression were likely greater than both.,neutral,negative,0.667358934879303,69,positive,0.9999886751174928,45.76708399690688,20.85216698469594,negative,0.4966244697570801,238.48270799499005
@user @user well traditionally we don't vote rightists into power. And are too fragmented to elect a trump or modi,negative,negative,0.4925747513771057,114,positive,0.9999982118606568,43.01004100125283,29.269499995280057,negative,0.6019973754882812,231.18537501432
"#TrumpTransitionTeam ""Everyone who knows won't talk. Everyone who's talking doesn't know."" #TrueStory #MAGA",neutral,neutral,0.4979843497276306,107,positive,0.5777685642242432,44.160749996080995,36.10787499928847,neutral,0.7549963593482971,223.23841697652824
#GilmoreGirlsTop4 4. Sookie 3. Michel 2. Lane 1. Jess (I know what I'm doing at 12:01am),neutral,neutral,0.8883451819419861,88,positive,0.9999641180038452,48.233124980470166,35.953624988906085,neutral,0.8319802284240723,246.47633300628513
@user @user insurance from 298 to 1300 month. She said tax hikes; he said tax cuts. Lota friends jobless. Dems had their chance.,negative,negative,0.82803875207901,128,positive,0.8896123170852661,50.08116702083498,38.594040990574285,negative,0.6285131573677063,250.2122920122929
Im still trying to get over Leonard Cohen dying. He was fucking awesome.,positive,positive,0.5457793474197388,72,positive,0.9994457364082336,47.14754200540483,26.09358300105669,negative,0.5530421733856201,220.7239170093089
"@user they are, i can't even wear them more than a day. & Revlon does animal testing. Any other brands?",negative,negative,0.8036960363388062,103,positive,0.9251924753189088,41.874874994391575,28.896542004076764,negative,0.8539609909057617,231.9736249919515
Nikki Haley’s family In India Cheer Her Appointment As UN Envoy #nikkkihaley #unenvoy #unitednations #donaldtrump,positive,neutral,0.8142285346984863,113,positive,0.9989914298057556,48.68995901779272,36.83291602646932,positive,0.6945277452468872,235.61100001097657
Am apreciat un videoclip pe @user Cristiano Ronaldo ► Magic Goals 2016/17 Skills & Goals |HD|,neutral,positive,0.5975418090820312,93,positive,0.9701064229011536,42.526167002506554,30.615666997618973,positive,0.909671664237976,229.9154580105096
Spider-Man: Top 5 Actors To Play Kraven The Hunter -,neutral,neutral,0.7019497752189636,52,neutral,0.9898530840873718,46.26312499749474,25.699582998640835,neutral,0.9113384485244752,223.80079099093564
Chinese scientists convert infectious viruses into live vaccines to tackle deadly viruses,positive,neutral,0.5696378350257874,89,neutral,0.6202831864356995,45.493709010770544,21.33787501952611,neutral,0.766172468662262,242.54587502218783
"68,000 Iraqis displaced from #MosulOffensive: #UN via @user",neutral,negative,0.5744411945343018,59,positive,0.9729649424552916,53.22699999669567,26.089833001606166,neutral,0.746334969997406,223.4339580172673
The latest Earth Echos Daily! Thanks to @user #yemen #archives,positive,positive,0.83050936460495,62,positive,0.9999980926513672,48.49116699188016,26.439333974849433,positive,0.701519787311554,222.48541700537317
My Grandmother would kill the #mannequinchallenge....she's dead #RIP,negative,negative,0.8914967179298401,68,neutral,0.999890685081482,45.78237500390969,26.94824998616241,negative,0.7360848188400269,225.97300002234988
(There's a better chance of Logan Verrett winning a Cy Young than there is of me ever wanting my family to do  the mannequin challenge),neutral,neutral,0.4766934514045715,135,positive,0.969308614730835,47.294459014665335,36.76245899987407,neutral,0.6447497606277466,224.90779098006897
@user and this is the news for Sunday. Tax returns? Visit to Cuba during an embargo. Conversations with Putin Taiwan I hope they all,neutral,neutral,0.7079765200614929,132,positive,0.9994069337844848,40.91087498818524,29.61991698248312,neutral,0.8077076077461243,232.4577079853043
Scientists Are Beginning to Figure Out Why Conservatives Are…Conservative,neutral,neutral,0.8112019896507263,73,negative,0.999984860420227,45.89954199036583,20.792041992535815,neutral,0.716159999370575,243.63454201375137
"I'm thankful for all of the nasty women, bad hombres and various other sub groups fighting for my rights and the...",positive,positive,0.3611709177494049,115,negative,0.9690073132514954,39.8259999928996,29.05987499980256,positive,0.6534601449966431,225.94783300883137
@user D.Rose taking a page out of Tim Duncan's book off the glass in the clutch #KNICKSonMSG,neutral,neutral,0.7478093504905701,92,positive,0.9999998807907104,40.42249999474734,29.18887499254197,neutral,0.901309072971344,227.4819999875035
@user nasty and offensive - assumes a foreigner DID take a local job...and says nothing about failure to enforce minimum wage,negative,negative,0.9112594723701476,125,positive,0.9994062185287476,43.34358300548047,29.18891701847315,negative,0.9058276414871216,229.28124997997656
Donnie is gonna deport the Menendez Brothers right away. BAD HOMBRES!,negative,negative,0.915343701839447,69,neutral,0.9996317625045776,47.55254098563455,26.62841699202545,negative,0.8914304375648499,224.51329097384587
Still reading #SettleForMore @user #fridayreads,neutral,neutral,0.7972065210342407,47,positive,0.9999717473983764,47.03108299872838,21.45441700122319,neutral,0.8970388770103455,241.68191599892452
#Chocolate cupcake #candle melting with its sweet candied #aroma is a treat for this #Christmas…,positive,positive,0.9518568515777588,96,negative,0.9996724128723145,43.56749998987653,28.397874993970618,positive,0.8696680068969727,231.74358400865455
Is this leaf ?Can I eat ?Open the leaf!Oh! This is SUSHI.In NARA.#foodie #Thanksgiving #WorldFoodDay…,neutral,positive,0.6648613214492798,101,negative,0.9995484948158264,50.752292008837685,36.326542001916096,neutral,0.6065895557403564,246.83404099778272
"""We have lost everything"": Syrians return to ravaged Aleppo, @user reports. by #AP via @user",neutral,negative,0.7519545555114746,92,positive,0.9942440390586852,41.96349999983795,28.20266698836349,negative,0.8158875107765198,228.93112499150448
